350495.44141502 6935317.94752317 159.81200396 78.59149932 1.86677662 1.03004914 1.61405758 18.00000000 1.00000000 20.00000000 148628990.77112448
351434.00664753 6935033.38187405 159.96258451 50.57457873 1.89923669 1.88447367 1.63721405 18.00000000 1.00000000 20.00000000 148628964.10429022
350101.52896031 6935216.27368846 150.53823278 26.53655917 1.40988971 1.11571138 1.05231277 18.00000000 1.00000000 20.00000000 148628974.46440288
351245.17405601 6935264.84684734 158.97873726 42.36609095 1.07328887 1.77067630 1.76269357 18.00000000 1.00000000 20.00000000 148628985.83405033
350879.54816346 6935257.59409932 150.77540620 146.67807001 1.42886402 1.50017968 1.59675815 18.00000000 1.00000000 20.00000000 148628980.10437250
351244.52017932 6935372.18829528 159.99140985 45.25520597 1.28642937 1.00616449 1.55472153 18.00000000 1.00000000 20.00000000 148628991.06543484
350536.37932870 6935442.42795287 150.41826329 60.07576826 1.92587578 1.55051217 1.84597562 18.00000000 1.00000000 20.00000000 148628992.57302976
350631.98418965 6935420.11557192 154.03476591 112.51200800 1.93588296 1.16917700 1.53914389 18.00000000 1.00000000 20.00000000 148628984.37086684
350582.63774830 6935472.15233007 157.42303323 122.80723207 1.50062073 1.79639068 1.73412846 18.00000000 1.00000000 20.00000000 148628976.12241158
351299.71170860 6935244.88711315 151.71747376 92.24235319 1.61152783 1.29846953 1.13376655 18.00000000 1.00000000 20.00000000 148628963.17331672
351084.73382000 6935125.67576567 153.22220769 121.25805741 1.98655904 1.58804677 1.99439050 18.00000000 1.00000000 20.00000000 148628990.42803276
350216.00611120 6935159.37904328 158.23776364 100.85603158 1.27367125 1.21653094 1.02506719 18.00000000 1.00000000 20.00000000 148628963.76800492
351876.47196000 6935051.02311843 154.28277528 119.95852470 1.63152287 1.49922285 1.97297134 18.00000000 1.00000000 20.00000000 148628991.15064171
351384.04020445 6935455.81518554 152.87265649 148.25053407 1.53850906 1.88553524 1.96875292 18.00000000 1.00000000 20.00000000 148628967.97874075
350805.75640608 6935108.37165974 155.86844894 34.23809892 1.60389622 1.26580618 1.89897128 18.00000000 1.00000000 20.00000000 148628987.27521753
350526.42629651 6935168.78953405 159.64050892 111.74925589 1.14995003 1.13749282 1.18497519 18.00000000 1.00000000 20.00000000 148628975.85538098
351843.52759022 6935113.49786063 153.82883407 138.95581213 1.06361152 1.59190542 1.38414745 18.00000000 1.00000000 20.00000000 148628980.75791562
350716.87684871 6935392.36751234 150.19638582 117.95879660 1.85087384 1.22854300 1.95167506 18.00000000 1.00000000 20.00000000 148628970.19418401
350844.65710696 6935066.57118851 155.28500564 110.21439357 1.47492645 1.81315903 1.18913686 18.00000000 1.00000000 20.00000000 148628982.02120695
351353.53862632 6935423.98965000 156.73968569 146.96147034 1.82878281 1.66053331 1.80245324 18.00000000 1.00000000 20.00000000 148628987.07740778
351967.89569545 6935370.49241284 158.90442388 65.52826901 1.42070107 1.51340820 1.28682816 18.00000000 1.00000000 20.00000000 148628963.54495177
351001.90875778 6935270.37317478 152.96038916 30.46953089 1.46691256 1.16516926 1.58200034 18.00000000 1.00000000 20.00000000 148628990.21767497
351355.29157682 6935305.81655572 150.35415512 129.75593809 1.04209853 1.87711596 1.79670147 18.00000000 1.00000000 20.00000000 148628973.05565798
351631.22819666 6935015.67008805 150.92574098 43.06342758 1.04971149 1.91666575 1.42391451 18.00000000 1.00000000 20.00000000 148628967.38952374
350531.58718385 6935498.87308383 158.67845831 142.04943099 1.45652705 1.68658100 1.32815372 18.00000000 1.00000000 20.00000000 148628990.48649618
351088.54063320 6935347.03112452 152.72758373 68.13617783 1.18736680 1.78396481 1.19895595 18.00000000 1.00000000 20.00000000 148628978.40824091
350287.16204738 6935355.43682047 154.55786299 46.04760365 1.00313323 1.59912230 1.26775559 18.00000000 1.00000000 20.00000000 148628982.47380194
350849.52014978 6935460.66773478 150.17454410 74.49475004 1.18851451 1.88195004 1.12168287 18.00000000 1.00000000 20.00000000 148628964.68202806
351676.77983139 6935323.73737303 156.74608400 100.71659744 1.84956028 1.05269025 1.56504579 18.00000000 1.00000000 20.00000000 148628966.29068205
351006.46239007 6935226.54168018 157.42376601 113.07511603 1.13516013 1.41531458 1.98098390 18.00000000 1.00000000 20.00000000 148628995.83745867
351621.75198552 6935147.45173140 150.09566889 77.86479477 1.33671708 1.77125123 1.55354541 18.00000000 1.00000000 20.00000000 148628991.00648785
350446.16292171 6935028.95005576 157.86701171 131.45996810 1.00955395 1.64835841 1.44908816 18.00000000 1.00000000 20.00000000 148628990.88544250
350650.75049183 6935036.17264435 158.37655310 101.98097669 1.90323162 1.10104275 1.55680946 18.00000000 1.00000000 20.00000000 148628978.27773151
350073.38163729 6935047.05983681 153.86179484 34.84117156 1.67665078 1.14783744 1.38908203 18.00000000 1.00000000 20.00000000 148628965.52808070
350122.67413766 6935494.41598097 158.20092339 64.49213413 1.05001680 1.63710020 1.93935917 18.00000000 1.00000000 20.00000000 148628980.12688869
351166.00520441 6935081.31724026 157.14717913 26.61539870 1.78589711 1.98312427 1.20671714 18.00000000 1.00000000 20.00000000 148628970.73259661
351751.71386534 6935032.15652813 154.03983883 30.97145702 1.24283161 1.91898605 1.34434801 18.00000000 1.00000000 20.00000000 148628982.15592411
351082.71611999 6935388.74866760 158.57544833 146.04113988 1.34178317 1.75866594 1.84955429 18.00000000 1.00000000 20.00000000 148628980.21778381
350706.83806713 6935224.67406076 150.66684692 54.77751433 1.77504965 1.62685960 1.28016451 18.00000000 1.00000000 20.00000000 148628961.41377813
351192.76669302 6935146.25510341 154.75576401 128.32975858 1.43590124 1.46555740 1.63801529 18.00000000 1.00000000 20.00000000 148628980.26974228
351801.69755462 6935454.45853158 152.82918165 92.99718789 1.52415482 1.51856536 1.28226003 18.00000000 1.00000000 20.00000000 148628981.71647260
350447.14539060 6935186.37203914 152.01452412 64.15290313 1.03993839 1.35240613 1.14179099 18.00000000 1.00000000 20.00000000 148628990.67848930
350296.75240390 6935397.60063805 156.51722931 29.61884028 1.93779896 1.23027216 1.41951977 18.00000000 1.00000000 20.00000000 148628990.40600696
350068.05180434 6935042.99585275 151.26746393 119.13374032 1.59957216 1.28735798 1.77423818 18.00000000 1.00000000 20.00000000 148628985.05655947
350341.50224055 6935357.78099798 157.32286126 79.91832256 1.08786182 1.59562093 1.54234873 18.00000000 1.00000000 20.00000000 148628990.56488228
350324.05082958 6935443.60121982 157.30691051 58.50204258 1.88779367 1.89796748 1.70949751 18.00000000 1.00000000 20.00000000 148628989.73186779
351276.15004057 6935118.74770237 155.17616522 103.68414662 1.99247286 1.10018429 1.31054915 18.00000000 1.00000000 20.00000000 148628997.01031601
351675.76650225 6935422.85631067 157.71266649 34.93733065 1.04593576 1.01788259 1.75012965 18.00000000 1.00000000 20.00000000 148628983.66943726
351635.64579888 6935267.02239893 150.83767907 19.39393829 1.78804725 1.16047484 1.21899526 18.00000000 1.00000000 20.00000000 148628964.06836024
350719.99805784 6935230.76926867 158.33563257 66.57546794 1.68906466 1.64185894 1.51791006 18.00000000 1.00000000 20.00000000 148628994.95509058
351716.04003267 6935286.52685373 152.68531587 46.00909576 1.87484324 1.17923847 1.18185361 18.00000000 1.00000000 20.00000000 148628987.92177159
350408.94759112 6935272.50100089 155.54965585 118.93828911 1.58067982 1.28562082 1.73375231 18.00000000 1.00000000 20.00000000 148628972.81969726
351495.66805958 6935289.69761128 156.66232200 50.08175527 1.93290258 1.84316000 1.46820190 18.00000000 1.00000000 20.00000000 148628974.14456072
351077.23588771 6935078.44564867 159.12886643 85.16867822 1.87562559 1.30920215 1.85318076 18.00000000 1.00000000 20.00000000 148628978.15897822
351672.14905145 6935335.32664726 157.30237727 81.26475617 1.31404925 1.20196555 1.47471315 18.00000000 1.00000000 20.00000000 148628982.38515425
351925.58488511 6935324.37003983 159.36932280 113.40612777 1.19228338 1.28400269 1.04304509 18.00000000 1.00000000 20.00000000 148628996.18289864
350776.47694221 6935317.47446094 159.52054760 33.67322039 1.86340134 1.80782061 1.49937065 18.00000000 1.00000000 20.00000000 148628986.95977131
350963.22431515 6935399.52163398 152.28435233 51.91077941 1.02055981 1.30934672 1.44334493 18.00000000 1.00000000 20.00000000 148628984.74708039
350212.91066366 6935051.72104187 153.33798799 60.68911951 1.82356604 1.51494228 1.17334451 18.00000000 1.00000000 20.00000000 148628974.79017672
351982.71227333 6935264.42176174 158.47763577 53.68962170 1.69346012 1.21245235 1.53322717 18.00000000 1.00000000 20.00000000 148628965.57546654
351741.63271272 6935163.00004020 155.99804592 31.49874167 1.74979517 1.59953071 1.37915771 18.00000000 1.00000000 20.00000000 148628995.58571649
351595.59987034 6935213.64806119 152.82156525 11.53031191 1.81636397 1.01998931 1.21729205 18.00000000 1.00000000 20.00000000 148628964.46863058
350196.11069632 6935410.81073903 154.49597561 90.16950686 1.96763033 1.83584930 1.93289633 18.00000000 1.00000000 20.00000000 148628975.38617459
351587.43607272 6935395.30112924 150.16798167 61.96427595 1.71569046 1.17002566 1.95495246 18.00000000 1.00000000 20.00000000 148628988.88451359
351484.98609947 6935203.81728644 154.87243089 144.96979389 1.20612150 1.54888351 1.44313344 18.00000000 1.00000000 20.00000000 148628975.63395730
351618.94761731 6935145.40547039 150.35995262 120.88149678 1.78137243 1.26996942 1.83094921 18.00000000 1.00000000 20.00000000 148628985.57585472
350873.45010886 6935413.36727754 153.04386990 132.92433808 1.53614368 1.85761354 1.44430170 18.00000000 1.00000000 20.00000000 148628995.67768249
350870.45452025 6935190.56385722 158.99088454 122.78126007 1.24229180 1.25717885 1.41415733 18.00000000 1.00000000 20.00000000 148628973.38584664
351675.16784157 6935231.99794048 150.83305011 13.42189572 1.86470254 1.25290806 1.89224584 18.00000000 1.00000000 20.00000000 148628990.02724537
350121.98170405 6935034.35981460 153.81950970 127.00857764 1.23105186 1.20143719 1.46155790 18.00000000 1.00000000 20.00000000 148628964.36411744
350528.87146149 6935062.44570763 157.60502008 25.42317344 1.12760226 1.14713590 1.20395765 18.00000000 1.00000000 20.00000000 148628970.71886116
351725.59978633 6935257.31851913 155.58349029 81.47503447 1.04201615 1.65894383 1.92988360 18.00000000 1.00000000 20.00000000 148628965.46568209
350034.47289454 6935381.25693984 156.39690466 25.21009412 1.35580518 1.03392988 1.04329248 18.00000000 1.00000000 20.00000000 148628963.47795916
351100.98852073 6935085.84306992 152.18081870 113.31407542 1.71832726 1.20108483 1.69526157 18.00000000 1.00000000 20.00000000 148628966.30649325
351756.15887130 6935354.57206685 156.26675229 130.91766824 1.45670764 1.75015619 1.83968476 18.00000000 1.00000000 20.00000000 148628967.14436111
350386.16374566 6935268.09069303 150.76411140 36.04546676 1.69099526 1.44162867 1.16173085 18.00000000 1.00000000 20.00000000 148628985.45025116
351041.10761447 6935330.76144539 151.82631055 118.52104249 1.14723174 1.46482498 1.07487142 18.00000000 1.00000000 20.00000000 148628980.99761897
350795.19189060 6935042.84394988 158.59627598 149.41913135 1.79086292 1.69808873 1.07435758 18.00000000 1.00000000 20.00000000 148628976.68564531
350938.37040136 6935355.26548359 150.63111188 145.58287989 1.73031117 1.13682414 1.32879662 18.00000000 1.00000000 20.00000000 148628970.98104751
350128.33142122 6935468.07279035 151.79063558 120.10990619 1.84523954 1.74321217 1.05707816 18.00000000 1.00000000 20.00000000 148628969.91439012
350051.76574701 6935180.52764031 156.85404723 73.39606494 1.87806500 1.30930059 1.78944209 18.00000000 1.00000000 20.00000000 148628998.66249603
351649.82293381 6935128.34513086 152.07375446 67.86356198 1.09910624 1.93491460 1.80470099 18.00000000 1.00000000 20.00000000 148628987.68899629
350210.05715339 6935152.75925331 157.75157634 75.34880372 1.66785092 1.82002257 1.69206099 18.00000000 1.00000000 20.00000000 148628962.65309232
350002.95878836 6935068.38224942 150.28521614 114.93225251 1.83539205 1.28564827 1.45916068 18.00000000 1.00000000 20.00000000 148628978.54443476
350985.92962145 6935255.59791038 156.91552583 20.71971149 1.96197719 1.75964529 1.90317194 18.00000000 1.00000000 20.00000000 148628992.05434442
351823.78490293 6935146.28238649 154.73309468 38.78191322 1.66129868 1.14915533 1.12782216 18.00000000 1.00000000 20.00000000 148628992.79279435
350775.44878760 6935345.32046109 154.23805358 107.36668887 1.29454214 1.14232544 1.06125210 18.00000000 1.00000000 20.00000000 148628981.92655790
351891.61939245 6935098.00691528 154.02510876 106.80401138 1.57606199 1.08259085 1.71165950 18.00000000 1.00000000 20.00000000 148628974.79186362
350136.48464653 6935014.55387855 151.23499688 15.98599350 1.52750615 1.65326342 1.85825677 18.00000000 1.00000000 20.00000000 148628996.18844700
351118.13857213 6935149.02759204 152.87635463 32.55870798 1.79154829 1.55149656 1.47738575 18.00000000 1.00000000 20.00000000 148628961.93686247
350767.56679106 6935308.07154989 156.74599706 43.99981322 1.83169945 1.08177675 1.53941552 18.00000000 1.00000000 20.00000000 148628996.31861371
350527.91498902 6935138.91422596 157.16308029 122.63076916 1.86048875 1.19212876 1.06543146 18.00000000 1.00000000 20.00000000 148628996.74034697
350641.43922566 6935249.53448645 152.88329535 75.52754028 1.12708892 1.40187752 1.75219906 18.00000000 1.00000000 20.00000000 148628984.16255444
350942.05756107 6935377.65072425 153.87281001 37.86798211 1.58736132 1.40518119 1.80495765 18.00000000 1.00000000 20.00000000 148628967.76208141
351056.81692065 6935143.28396251 159.71519926 43.88685284 1.08284960 1.99561239 1.22513215 18.00000000 1.00000000 20.00000000 148628985.91498786
351644.78251153 6935242.23879154 158.41896147 99.61188468 1.70173160 1.50493719 1.73089709 18.00000000 1.00000000 20.00000000 148628974.43083617
351744.09790178 6935132.44241756 151.52722288 72.68592791 1.59106723 1.13787409 1.39126486 18.00000000 1.00000000 20.00000000 148628986.74085364
350252.17434668 6935410.68549179 157.36483302 118.42767718 1.15310017 1.34825077 1.37932513 18.00000000 1.00000000 20.00000000 148628984.98405322
350992.46272620 6935371.30588912 156.98073978 12.90140657 1.83436385 1.54187064 1.18098078 18.00000000 1.00000000 20.00000000 148628982.78751937
350458.93384093 6935169.57686297 153.15390442 70.46436917 1.31643258 1.35079526 1.17957355 18.00000000 1.00000000 20.00000000 148628999.04369766
351046.87652934 6935346.76685347 153.82130581 96.78210440 1.77243974 1.90993197 1.89874408 18.00000000 1.00000000 20.00000000 148628992.84267047
350774.68473573 6935485.49004301 154.44991919 137.78325115 1.57275709 1.07897825 1.75457407 18.00000000 1.00000000 20.00000000 148628970.92465416
350060.53444673 6935440.05176870 150.18924086 146.82882378 1.25152165 1.48069492 1.15355602 18.00000000 1.00000000 20.00000000 148628980.53111771
351033.96669446 6935080.45296012 157.32597696 113.63877316 1.51554676 1.99319443 1.70916798 18.00000000 1.00000000 20.00000000 148628989.84282282
350637.09216084 6935114.53634892 154.59747457 115.14549648 1.44415178 1.55041163 1.64442128 18.00000000 1.00000000 20.00000000 148628986.76464114
350367.78109549 6935216.31136078 157.12946069 103.38441078 1.77211970 1.86683299 1.88963399 18.00000000 1.00000000 20.00000000 148628973.08161494
350548.89853210 6935229.93535580 155.21567092 29.06674732 1.64912219 1.51982898 1.01674829 18.00000000 1.00000000 20.00000000 148628977.12304452
350146.49254165 6935119.07679682 153.02119749 143.43648360 1.13526086 1.90391802 1.14753181 18.00000000 1.00000000 20.00000000 148628977.89833748
350642.22301243 6935111.40040988 152.59176474 21.17780988 1.76089124 1.07537132 1.31447322 18.00000000 1.00000000 20.00000000 148628985.10376117
350771.81880276 6935185.69891889 155.84593766 98.00041772 1.00023387 1.19589609 1.82302555 18.00000000 1.00000000 20.00000000 148628978.77968630
351273.47320408 6935384.10880771 156.05396005 139.02624457 1.26118076 1.56619926 1.05059775 18.00000000 1.00000000 20.00000000 148628995.90119478
351912.36705086 6935289.21623985 156.85173646 32.80604786 1.49272737 1.44610187 1.01228991 18.00000000 1.00000000 20.00000000 148628962.19856107
350086.19767055 6935194.98533516 150.13049041 91.65809848 1.13735004 1.96233668 1.30300812 18.00000000 1.00000000 20.00000000 148628993.98403981
351975.87110446 6935052.59390661 152.84132514 40.43158894 1.59065051 1.83132552 1.80542032 18.00000000 1.00000000 20.00000000 148628960.94246930
350500.67893877 6935252.36156196 159.90448738 145.77246557 1.47312424 1.52489067 1.02920316 18.00000000 1.00000000 20.00000000 148628972.17891535
350937.14856268 6935163.98754666 150.11814139 114.01875720 1.03917683 1.10187721 1.12850381 18.00000000 1.00000000 20.00000000 148628999.23517928
350625.03289894 6935417.72387119 156.72001212 127.16613671 1.45118141 1.12903330 1.01929681 18.00000000 1.00000000 20.00000000 148628982.27830559
350953.18831306 6935493.38408355 157.38313516 34.24831443 1.53476217 1.84383542 1.91913474 18.00000000 1.00000000 20.00000000 148628974.78687787
350553.39992754 6935241.21287244 156.16631360 62.46511567 1.79930401 1.81328237 1.06676433 18.00000000 1.00000000 20.00000000 148628989.29256383
351958.73950307 6935485.63299783 159.28602634 49.09061528 1.78562949 1.79775699 1.77742172 18.00000000 1.00000000 20.00000000 148628998.76416582
351560.97051224 6935043.38829653 152.30623472 65.37523412 1.23696552 1.10816439 1.03567215 18.00000000 1.00000000 20.00000000 148628999.92027172
350525.35376610 6935185.33723135 153.32822192 30.81785884 1.71594342 1.62343028 1.25092418 18.00000000 1.00000000 20.00000000 148628967.75546062
351987.74501676 6935432.34431412 155.98374500 20.94641357 1.71307194 1.28312372 1.75276150 18.00000000 1.00000000 20.00000000 148628962.83036304
350682.99880313 6935313.80198544 159.54347383 96.43256309 1.30280466 1.40857569 1.64649722 18.00000000 1.00000000 20.00000000 148628992.31065482
350190.95753913 6935288.84391362 155.48291002 86.02315377 1.42136804 1.54295032 1.39456469 18.00000000 1.00000000 20.00000000 148628981.69593230
351517.29387484 6935113.03977251 152.96406396 59.17093596 1.91405383 1.00284895 1.08042439 18.00000000 1.00000000 20.00000000 148628999.71938920
350197.84953484 6935454.90161868 156.75419680 95.87743579 1.05680741 1.87278964 1.69143868 18.00000000 1.00000000 20.00000000 148628995.13203037
351947.32359625 6935015.85543052 152.98405319 141.62308306 1.73582700 1.29091661 1.23499282 18.00000000 1.00000000 20.00000000 148628995.04723817
350249.83109617 6935483.22571606 152.91028928 66.48218159 1.82730213 1.30967286 1.94124427 18.00000000 1.00000000 20.00000000 148628995.98037627
350823.00535052 6935374.76536736 152.06493944 76.91015222 1.70230017 1.90041296 1.42369002 18.00000000 1.00000000 20.00000000 148628998.51659504
350730.35877133 6935190.21958809 155.24418832 87.28693656 1.24052752 1.68405986 1.77374408 18.00000000 1.00000000 20.00000000 148628969.01622817
350663.76059160 6935154.58435881 150.38634233 70.73096375 1.00377043 1.01314687 1.13489332 18.00000000 1.00000000 20.00000000 148628988.88915554
350508.19212321 6935264.61552875 157.08566652 10.52932907 1.24497141 1.26099476 1.19973232 18.00000000 1.00000000 20.00000000 148628967.14306396
350962.53002184 6935198.01574646 159.95128577 137.23881576 1.26439906 1.18540897 1.78378323 18.00000000 1.00000000 20.00000000 148628985.69726443
350003.89349727 6935469.56769352 155.92751424 43.23453304 1.55037900 1.32350299 1.14695202 18.00000000 1.00000000 20.00000000 148628962.07013550
350643.58626661 6935209.63866602 155.13642102 119.44406013 1.84817357 1.37848917 1.34856731 18.00000000 1.00000000 20.00000000 148628975.84840494
350996.62951767 6935335.20448296 154.13652457 42.66850329 1.95266465 1.38675450 1.95559450 18.00000000 1.00000000 20.00000000 148628996.39334607
350395.22603719 6935342.62618868 159.88562107 10.15867758 1.27979980 1.71105987 1.28187790 18.00000000 1.00000000 20.00000000 148628996.82201740
351398.35366719 6935393.16341274 158.35695174 91.48966161 1.60185473 1.70844052 1.87878420 18.00000000 1.00000000 20.00000000 148628997.89081892
351555.29158066 6935188.36251196 152.28922632 49.53611323 1.27098822 1.54123066 1.41875310 18.00000000 1.00000000 20.00000000 148628995.16640621
350381.61517712 6935363.88404985 155.27933120 60.03495161 1.09903513 1.38146521 1.50871390 18.00000000 1.00000000 20.00000000 148628975.93605766
350745.52027602 6935045.23065784 153.69476287 127.68291774 1.37525361 1.75952121 1.25266875 18.00000000 1.00000000 20.00000000 148628987.35681352
350160.72101729 6935076.51027934 157.80016562 137.11812538 1.54427018 1.99891808 1.42098251 18.00000000 1.00000000 20.00000000 148628969.18681741
350253.79400839 6935047.65962470 152.76441586 126.34609138 1.24209287 1.24845207 1.44972815 18.00000000 1.00000000 20.00000000 148628973.71871224
351556.98740726 6935309.71958124 158.44104519 103.77736371 1.07661900 1.38611385 1.69339517 18.00000000 1.00000000 20.00000000 148628987.73295760
351394.83639246 6935460.54552237 155.23502822 103.57105413 1.45129100 1.22651249 1.49892673 18.00000000 1.00000000 20.00000000 148628978.65910146
351783.63477618 6935024.47363112 150.64469941 117.94339711 1.34041242 1.25963556 1.01554145 18.00000000 1.00000000 20.00000000 148628986.54688647
350938.99843508 6935203.44809842 159.05894908 130.48783632 1.03574339 1.40192649 1.27564736 18.00000000 1.00000000 20.00000000 148628992.01503265
350011.99199142 6935064.41331853 158.16106591 108.77034731 1.41697606 1.23993663 1.85008219 18.00000000 1.00000000 20.00000000 148628981.31204548
351974.50669229 6935266.42903463 152.54584611 83.02565398 1.83364431 1.70419479 1.91207425 18.00000000 1.00000000 20.00000000 148628971.31294888
350444.42670594 6935106.29859985 157.23512790 27.16176344 1.37211220 1.76879352 1.93941199 18.00000000 1.00000000 20.00000000 148628993.39897981
350769.29085861 6935356.02073713 153.84341925 73.50639620 1.08314521 1.63638648 1.20334748 18.00000000 1.00000000 20.00000000 148628992.23694104
350481.86705944 6935252.80793219 157.53941522 13.50814505 1.03740598 1.79812332 1.55533304 18.00000000 1.00000000 20.00000000 148628987.86923885
351444.90095592 6935238.00737552 159.88711042 122.16985026 1.45226484 1.38639692 1.80728739 18.00000000 1.00000000 20.00000000 148628968.49447921
350339.29456983 6935300.22185413 155.29632319 109.33400548 1.50590522 1.57518706 1.26709898 18.00000000 1.00000000 20.00000000 148628977.71840760
351860.24771757 6935247.77250761 153.83648028 69.77135883 1.68369202 1.76315087 1.50227066 18.00000000 1.00000000 20.00000000 148628991.45476648
350419.90794970 6935489.97942610 150.09488659 113.50130813 1.63539779 1.81262248 1.01289548 18.00000000 1.00000000 20.00000000 148628972.27910861
350173.63591861 6935317.67409058 154.32966885 69.56986173 1.85303341 1.97953828 1.59278484 18.00000000 1.00000000 20.00000000 148628980.81537139
351718.08075885 6935426.57263550 153.31596402 147.14518815 1.71033126 1.39285442 1.91509399 18.00000000 1.00000000 20.00000000 148628994.47539869
350240.28121132 6935029.51155100 158.27468120 51.58976186 1.64668937 1.10633646 1.90005082 18.00000000 1.00000000 20.00000000 148628967.25974000
350253.26886350 6935431.79588095 150.59505193 97.17826954 1.37222109 1.04289428 1.48908021 18.00000000 1.00000000 20.00000000 148628980.01450363
351429.38275968 6935388.63693685 151.60487042 138.63776170 1.89106931 1.89741961 1.44469876 18.00000000 1.00000000 20.00000000 148628964.55460179
350797.28359511 6935376.49930606 157.09598554 107.43057418 1.40437527 1.05642390 1.29248287 18.00000000 1.00000000 20.00000000 148628984.74736524
351838.44521263 6935269.76401553 154.15300590 106.53950006 1.65055660 1.61200519 1.48756608 18.00000000 1.00000000 20.00000000 148628974.85836568
351714.71375235 6935328.22943343 152.48500932 31.45285827 1.06596133 1.40266625 1.64170849 18.00000000 1.00000000 20.00000000 148628995.22256911
351423.63334600 6935371.14418864 154.95579711 43.40005602 1.41965548 1.63736786 1.35930942 18.00000000 1.00000000 20.00000000 148628991.77798381
350221.15846596 6935167.22259466 159.67041122 142.12203950 1.87375575 1.16282607 1.15659080 18.00000000 1.00000000 20.00000000 148628969.60907120
351451.50552505 6935266.32349880 152.43134785 96.17480991 1.69336022 1.80136341 1.80222503 18.00000000 1.00000000 20.00000000 148628978.55367050
350107.15620775 6935190.27998623 152.21417704 71.78772891 1.40795037 1.86782206 1.16090337 18.00000000 1.00000000 20.00000000 148628999.35239944
350487.68799763 6935462.40460386 158.95356432 28.77590496 1.52481952 1.65898085 1.01354232 18.00000000 1.00000000 20.00000000 148628979.60673174
350682.19648118 6935230.67674618 156.28991675 51.05505145 1.72876080 1.92850239 1.79302713 18.00000000 1.00000000 20.00000000 148628989.74326992
350480.64389002 6935032.30926540 157.28556155 18.13164870 1.13902124 1.66233373 1.49474291 18.00000000 1.00000000 20.00000000 148628971.40855974
351442.19388414 6935425.92543746 158.25354597 59.84645763 1.11510947 1.23810541 1.77961272 18.00000000 1.00000000 20.00000000 148628990.93528128
350231.19668814 6935055.35164890 152.21282687 28.22551690 1.54117456 1.57963953 1.80503892 18.00000000 1.00000000 20.00000000 148628987.16847104
351788.38676884 6935444.15376089 158.48047739 59.15627705 1.30038312 1.79924517 1.11700586 18.00000000 1.00000000 20.00000000 148628976.11552230
351530.53465201 6935102.78328552 158.60139103 126.80851862 1.71234876 1.53146097 1.27044041 18.00000000 1.00000000 20.00000000 148628969.31220862
350230.62088312 6935102.48422874 155.05465882 110.53444095 1.41008252 1.56620113 1.76616464 18.00000000 1.00000000 20.00000000 148628980.76391712
351810.24255869 6935238.69911223 157.80489240 21.34872321 1.60959594 1.53331575 1.79032866 18.00000000 1.00000000 20.00000000 148628998.63602468
350566.86772122 6935052.66013143 155.05020855 119.51287994 1.54361825 1.20297936 1.02559709 18.00000000 1.00000000 20.00000000 148628983.99177101
350419.67868502 6935025.40901739 150.77630668 63.74524303 1.16675216 1.30089918 1.65634459 18.00000000 1.00000000 20.00000000 148628966.82629010
350909.46001070 6935137.72261586 156.45120742 90.22274044 1.02417981 1.29957625 1.92229485 18.00000000 1.00000000 20.00000000 148628973.44501376
351907.10348260 6935177.55864286 151.29046661 60.63367195 1.06097188 1.41931848 1.05636782 18.00000000 1.00000000 20.00000000 148628975.11216143
351115.80986699 6935436.53895044 154.48955118 74.13639387 1.75648132 1.57968052 1.44566353 18.00000000 1.00000000 20.00000000 148628967.92524466
350749.69196896 6935360.22525210 153.76048862 111.59190474 1.97920710 1.51674516 1.34855496 18.00000000 1.00000000 20.00000000 148628976.86444378
350096.57800128 6935151.84299229 150.70357085 21.28338416 1.57026168 1.53468079 1.56021225 18.00000000 1.00000000 20.00000000 148628966.99071848
351326.71734637 6935289.03322525 159.91453876 91.85757745 1.20969466 1.19587759 1.70446199 18.00000000 1.00000000 20.00000000 148628971.82220924
351845.75733797 6935059.27977309 156.15673041 73.58436591 1.52131130 1.90106437 1.34078582 18.00000000 1.00000000 20.00000000 148628985.75690958
350162.68029367 6935005.91752563 158.81821308 35.75438174 1.14886262 1.78443111 1.93080012 18.00000000 1.00000000 20.00000000 148628975.84296429
350203.26342237 6935229.82665189 155.33891912 96.49705269 1.26667297 1.98254755 1.13761690 18.00000000 1.00000000 20.00000000 148628964.85237288
351810.47335710 6935024.47662119 156.67012044 61.53083690 1.43292501 1.42472412 1.21095956 18.00000000 1.00000000 20.00000000 148628969.98331934
350378.24057895 6935429.80982186 159.39822855 73.49371327 1.89252494 1.18132775 1.70203086 18.00000000 1.00000000 20.00000000 148628985.11271557
350803.52336480 6935098.67722121 150.04510788 64.62077246 1.18413895 1.34037575 1.77212389 18.00000000 1.00000000 20.00000000 148628979.43472835
351027.32585837 6935189.03542767 155.32714637 58.38723015 1.30654393 1.99767882 1.03577186 18.00000000 1.00000000 20.00000000 148628997.39365506
350351.08455804 6935141.61124321 159.23528438 97.07996267 1.69780103 1.60294638 1.80867799 18.00000000 1.00000000 20.00000000 148628972.58130869
351270.99724552 6935014.54118211 158.04273264 33.18141787 1.38472470 1.74434084 1.31869800 18.00000000 1.00000000 20.00000000 148628991.83729920
351941.74706212 6935441.99735999 153.59915021 13.54321368 1.00909253 1.33937716 1.27956092 18.00000000 1.00000000 20.00000000 148628986.67792013
350933.25805660 6935266.80791300 157.78325011 32.85001328 1.43360917 1.66524472 1.79956384 18.00000000 1.00000000 20.00000000 148628988.21085319
350035.14381160 6935262.25851135 158.54197594 100.22536450 1.10227685 1.38070493 1.41162823 18.00000000 1.00000000 20.00000000 148628964.78947118
351094.28588671 6935400.07143965 150.12336234 56.05021540 1.76226423 1.54522680 1.14902462 18.00000000 1.00000000 20.00000000 148628997.13514376
350194.50901495 6935026.47011544 154.64820100 82.08036089 1.88694965 1.46322494 1.83215793 18.00000000 1.00000000 20.00000000 148628976.36828509
351653.60039718 6935395.58555261 153.99466351 108.18598520 1.80730236 1.42403306 1.56178702 18.00000000 1.00000000 20.00000000 148628992.89574757
350608.51017511 6935400.19075563 159.56645932 128.24268209 1.59862059 1.30467358 1.48460711 18.00000000 1.00000000 20.00000000 148628998.60155416
350872.03479658 6935170.45488794 159.12207177 108.90508820 1.31699929 1.30100530 1.60360540 18.00000000 1.00000000 20.00000000 148628966.07591528
350203.93880338 6935256.34681747 157.86064552 42.30529742 1.26556955 1.46995401 1.16073031 18.00000000 1.00000000 20.00000000 148628993.80521178
350289.01974041 6935366.46098312 157.80495622 130.76396354 1.22908419 1.77270182 1.47116330 18.00000000 1.00000000 20.00000000 148628965.11074755
350381.38147291 6935024.60679111 154.36953581 103.25845962 1.58374874 1.28087062 1.75491634 18.00000000 1.00000000 20.00000000 148628995.52757382
351544.55130132 6935461.91932762 153.43755699 43.34031087 1.99436338 1.09001916 1.25582364 18.00000000 1.00000000 20.00000000 148628994.99187300
351370.63236551 6935461.78956995 154.46740732 10.92942139 1.79213756 1.45086677 1.35630286 18.00000000 1.00000000 20.00000000 148628983.71051642
351882.37968177 6935295.33753258 156.15044069 62.50802497 1.34500352 1.63542031 1.80865594 18.00000000 1.00000000 20.00000000 148628979.11676311
351994.27838798 6935324.19631697 151.33653450 74.12066330 1.72374084 1.60677155 1.26508811 18.00000000 1.00000000 20.00000000 148628966.85839546
351244.58957743 6935311.43975530 150.09487229 32.09669137 1.35699046 1.90079081 1.96380295 18.00000000 1.00000000 20.00000000 148628970.69602898
350484.50934252 6935294.21096707 154.35471527 117.83236241 1.92681364 1.25669429 1.37902592 18.00000000 1.00000000 20.00000000 148628976.11814818
350223.42612672 6935198.94179165 156.27920074 37.17273053 1.48945315 1.00619916 1.12766848 18.00000000 1.00000000 20.00000000 148628961.91933456
350795.07942106 6935318.17743514 159.57380520 144.00606616 1.02602406 1.77113896 1.31532166 18.00000000 1.00000000 20.00000000 148628999.57654226
350434.24174695 6935148.69154495 157.24272322 72.60207840 1.39334221 1.01875154 1.22644315 18.00000000 1.00000000 20.00000000 148628967.57288754
351368.48969270 6935107.73201126 159.42237072 77.62417698 1.13337446 1.48233077 1.66131045 18.00000000 1.00000000 20.00000000 148628979.88338944
351227.11662405 6935246.96640109 153.09064458 44.91204172 1.56932503 1.53506916 1.82289850 18.00000000 1.00000000 20.00000000 148628988.29477453
351616.71559005 6935335.61113590 152.49745415 64.52263228 1.82137800 1.07827362 1.12133965 18.00000000 1.00000000 20.00000000 148628978.51281583
350559.47304714 6935488.06936237 150.17796571 59.63015049 1.03485359 1.81907450 1.61654903 18.00000000 1.00000000 20.00000000 148628992.11988294
351754.08888777 6935104.98523552 155.02692273 28.87917026 1.07562900 1.34522923 1.43575792 18.00000000 1.00000000 20.00000000 148628965.25931469
350640.26957580 6935382.31801083 156.93056138 61.86514023 1.32199287 1.45390668 1.78374306 18.00000000 1.00000000 20.00000000 148628971.30695039
350084.77029472 6935098.12318843 152.53959774 46.84914653 1.73682220 1.39492103 1.56285666 18.00000000 1.00000000 20.00000000 148628976.89684391
351107.77819446 6935153.53274796 150.81978676 67.66644449 1.44665133 1.58113985 1.32324045 18.00000000 1.00000000 20.00000000 148628988.10975483
350809.36020272 6935499.63876185 158.41505691 102.50115677 1.56234645 1.00787597 1.64599979 18.00000000 1.00000000 20.00000000 148628972.99693543
351186.76505691 6935391.05771013 158.82537043 70.60471121 1.15794713 1.13890935 1.81459975 18.00000000 1.00000000 20.00000000 148628973.44310868
351369.95723905 6935203.02080339 153.48976434 124.19149994 1.32344814 1.93288875 1.34226684 18.00000000 1.00000000 20.00000000 148628970.15545616
351573.56953820 6935356.24600945 150.66216813 36.74680529 1.17707110 1.41024357 1.28196950 18.00000000 1.00000000 20.00000000 148628982.97049439
351739.68222440 6935358.63773380 150.22877626 128.70405404 1.64709609 1.73730640 1.20259901 18.00000000 1.00000000 20.00000000 148628988.46673739
350004.20681185 6935387.79502782 156.50181582 11.98124577 1.45962082 1.45501022 1.62906862 18.00000000 1.00000000 20.00000000 148628996.02427626
350722.59279436 6935183.80001085 153.14123390 120.60349651 1.44219111 1.12456479 1.03242961 18.00000000 1.00000000 20.00000000 148628978.65419883
350220.99419931 6935272.59474282 152.79411110 62.19734368 1.16841668 1.33431889 1.25870899 18.00000000 1.00000000 20.00000000 148628975.75066864
350146.84331449 6935239.00337916 152.60931207 110.33858280 1.25038709 1.42806679 1.72898644 18.00000000 1.00000000 20.00000000 148628985.11478528
351696.19073517 6935402.00296681 158.38387421 23.18930620 1.60525657 1.22559463 1.78071276 18.00000000 1.00000000 20.00000000 148628987.17064485
350569.41573536 6935446.14545852 153.65265081 30.34377485 1.16556711 1.03149470 1.46840702 18.00000000 1.00000000 20.00000000 148628965.92300251
351710.46506414 6935249.80240312 158.85593951 147.37202588 1.97203751 1.02629476 1.58661167 18.00000000 1.00000000 20.00000000 148628993.72793138
351189.01538353 6935049.98433487 158.23166902 133.62010376 1.71622587 1.55271900 1.03607530 18.00000000 1.00000000 20.00000000 148628979.71480635
350479.77337476 6935361.17491083 155.58094753 101.23288019 1.23667812 1.75886330 1.54903928 18.00000000 1.00000000 20.00000000 148628989.23721200
351166.25995873 6935167.76251297 150.88413543 31.47034864 1.27575167 1.30097862 1.15798640 18.00000000 1.00000000 20.00000000 148628996.56150588
350141.87275554 6935164.98575956 151.21700710 24.73322510 1.40507211 1.97468196 1.77059789 18.00000000 1.00000000 20.00000000 148628965.57161692
350954.38019172 6935221.62417600 158.34042967 138.75348999 1.92293463 1.23977950 1.39810382 18.00000000 1.00000000 20.00000000 148628997.03418696
350965.48322963 6935006.21916527 154.08192890 31.30544511 1.32086148 1.36835006 1.60830725 18.00000000 1.00000000 20.00000000 148628974.48720086
351235.75650146 6935194.20535374 152.71758840 138.06933055 1.10794244 1.47117120 1.65275794 18.00000000 1.00000000 20.00000000 148628991.66529679
350528.64080960 6935186.78555907 152.03922769 87.17670347 1.93260832 1.06386786 1.92206127 18.00000000 1.00000000 20.00000000 148628997.34910116
350886.74450120 6935140.30378057 153.47177751 33.44928818 1.80503795 1.22316932 1.13742085 18.00000000 1.00000000 20.00000000 148628989.73396808
351597.89810337 6935372.78016350 154.64003028 95.78552323 1.16689713 1.26573479 1.48334414 18.00000000 1.00000000 20.00000000 148628993.66586196
351488.36733642 6935108.37101859 154.98629280 112.89788140 1.68062215 1.45398735 1.67425303 18.00000000 1.00000000 20.00000000 148628978.99218035
351774.32155735 6935206.64427943 159.89412761 131.68534833 1.44764965 1.51920350 1.08794340 18.00000000 1.00000000 20.00000000 148628997.99851027
351042.01255939 6935361.14571258 153.15642245 111.69997048 1.11074569 1.83406205 1.53609153 18.00000000 1.00000000 20.00000000 148628971.71419734
351591.83679459 6935140.78631154 154.52642421 90.85399365 1.37921798 1.18558677 1.17992201 18.00000000 1.00000000 20.00000000 148628971.84801182
350738.13123144 6935370.94018952 154.35302201 35.56689158 1.34594878 1.26015465 1.36716322 18.00000000 1.00000000 20.00000000 148628995.52946386
351121.00565120 6935130.72409721 158.84699851 109.26324213 1.81536678 1.35029000 1.35889843 18.00000000 1.00000000 20.00000000 148628969.83264482
350753.13443088 6935335.01922676 153.60640713 84.08823620 1.01325310 1.09806769 1.91864550 18.00000000 1.00000000 20.00000000 148628993.40064070
351629.18997585 6935060.34306917 153.53717176 119.35585719 1.05029644 1.24664007 1.49185841 18.00000000 1.00000000 20.00000000 148628996.36373198
350577.58976457 6935450.18669097 153.98978645 109.73168175 1.00028576 1.50311593 1.14406033 18.00000000 1.00000000 20.00000000 148628961.91358277
351395.32472092 6935494.11637569 151.31608309 88.11943998 1.05984580 1.21300498 1.71455050 18.00000000 1.00000000 20.00000000 148628961.52798745
351253.17123959 6935088.15855196 158.64995495 143.65273481 1.49609681 1.88732102 1.80951181 18.00000000 1.00000000 20.00000000 148628990.78576350
351011.55471809 6935213.27689035 154.83963492 25.18620414 1.93812034 1.70593497 1.11185140 18.00000000 1.00000000 20.00000000 148628962.33357701
350634.71586316 6935398.42099666 158.66905213 37.92309240 1.48382001 1.24733630 1.80920283 18.00000000 1.00000000 20.00000000 148628967.72219425
351307.24286523 6935177.74550538 151.55640505 12.12166173 1.44111434 1.34945192 1.14706652 18.00000000 1.00000000 20.00000000 148628988.26895541
351091.22613092 6935444.81682203 151.06504833 108.53005807 1.94591987 1.59312755 1.58015290 18.00000000 1.00000000 20.00000000 148628997.09973246
350719.78947096 6935018.92744379 158.07039742 99.40050658 1.95309344 1.38231845 1.37334410 18.00000000 1.00000000 20.00000000 148628996.35112402
351821.70477210 6935409.31528484 153.16497361 43.80451061 1.25974722 1.00264146 1.08277279 18.00000000 1.00000000 20.00000000 148628984.90610638
351106.15650564 6935293.10696659 153.49820166 53.32149296 1.46884978 1.97734806 1.61338281 18.00000000 1.00000000 20.00000000 148628971.01831084
351730.25475423 6935482.35911742 152.33867345 63.17279834 1.70465499 1.48842843 1.18655794 18.00000000 1.00000000 20.00000000 148628984.97706270
351992.00105596 6935235.29889624 159.85216343 98.96872574 1.44364118 1.14761879 1.59253321 18.00000000 1.00000000 20.00000000 148628985.82343629
351398.25003906 6935045.26367272 151.36476992 73.43881392 1.76208268 1.51489494 1.64161535 18.00000000 1.00000000 20.00000000 148628965.92599794
350404.00590279 6935093.10586659 150.96141970 121.74095029 1.99498341 1.29681291 1.65188630 18.00000000 1.00000000 20.00000000 148628988.33891156
350985.58972067 6935378.38188463 158.43052233 17.46984678 1.57715154 1.69929427 1.03509829 18.00000000 1.00000000 20.00000000 148628981.67638245
350579.30169656 6935339.93153310 151.71671908 110.70138991 1.51374747 1.55596684 1.57844678 18.00000000 1.00000000 20.00000000 148628996.67541286
351955.94896490 6935065.32563778 159.00997185 133.44195812 1.61814026 1.80111237 1.62860762 18.00000000 1.00000000 20.00000000 148628988.60386580
351162.20246052 6935254.31389099 152.91991838 107.48891400 1.38229588 1.11586234 1.18430165 18.00000000 1.00000000 20.00000000 148628997.57112116
350773.26896166 6935415.35628874 152.16647721 59.13239329 1.22832481 1.64638608 1.62996720 18.00000000 1.00000000 20.00000000 148628991.42065665
350170.27173722 6935469.34004714 151.99047127 17.28574631 1.09859397 1.74270653 1.60207240 18.00000000 1.00000000 20.00000000 148628974.08422908
350989.25882276 6935103.47748747 153.22029500 129.73718547 1.87055779 1.22105056 1.76889802 18.00000000 1.00000000 20.00000000 148628976.41878009
351117.70245606 6935116.20771995 156.33436493 123.21018141 1.31273503 1.95947305 1.16506539 18.00000000 1.00000000 20.00000000 148628975.77466932
350215.68998926 6935266.15327859 153.73405342 128.34136057 1.92115075 1.34871696 1.25305378 18.00000000 1.00000000 20.00000000 148628964.91057554
351154.39751753 6935150.01946442 150.90637461 24.04841410 1.21184554 1.88817076 1.96792180 18.00000000 1.00000000 20.00000000 148628966.77369902
350739.60964948 6935191.90345102 155.79653232 145.14579143 1.84990542 1.10522865 1.82992482 18.00000000 1.00000000 20.00000000 148628971.20783257
350098.54453475 6935208.98475408 156.01922342 25.19179986 1.98866837 1.06456479 1.31787083 18.00000000 1.00000000 20.00000000 148628970.50100642
350418.91130336 6935261.37925658 153.25629423 105.29237750 1.60283689 1.79040143 1.65572597 18.00000000 1.00000000 20.00000000 148628993.44500366
351482.30170659 6935179.29611138 152.24262109 83.96184136 1.28645191 1.11571798 1.60849939 18.00000000 1.00000000 20.00000000 148628987.31087953
351802.12860779 6935010.32889237 154.25675338 60.82049072 1.04406526 1.68535889 1.52094811 18.00000000 1.00000000 20.00000000 148628970.40797287
351808.65182603 6935195.19557787 155.51080530 41.84621161 1.55306257 1.41986788 1.41758172 18.00000000 1.00000000 20.00000000 148628966.50516891
350737.52987956 6935258.27328740 151.09540363 23.02042562 1.46624055 1.83422842 1.49084820 18.00000000 1.00000000 20.00000000 148628981.33641863
350491.70617841 6935311.83635375 150.88096271 15.13056458 1.82097696 1.02187147 1.15899439 18.00000000 1.00000000 20.00000000 148628967.42496440
350503.01719439 6935299.18297715 155.52173613 19.92728821 1.12977758 1.36632625 1.21578718 18.00000000 1.00000000 20.00000000 148628979.39272237
351601.44078189 6935265.53904536 155.14905697 27.02848468 1.31238995 1.50416081 1.70506856 18.00000000 1.00000000 20.00000000 148628997.90305898
351635.57450272 6935083.77594868 159.03671266 70.08330354 1.23846508 1.76059146 1.76741104 18.00000000 1.00000000 20.00000000 148628982.00699186
351750.04441538 6935132.33234739 159.83799433 73.67598833 1.32676910 1.41265631 1.26259697 18.00000000 1.00000000 20.00000000 148628973.01279986
350958.22314226 6935418.09781646 153.88411654 91.27707745 1.19717889 1.46559793 1.94688805 18.00000000 1.00000000 20.00000000 148628994.62232536
350976.29349409 6935165.69542827 157.80288985 41.04516138 1.13180056 1.04990127 1.35071536 18.00000000 1.00000000 20.00000000 148628990.53299293
351680.56005520 6935373.21718243 154.67767532 51.33367847 1.45568823 1.85179965 1.97853596 18.00000000 1.00000000 20.00000000 148628978.65336812
350617.43588741 6935444.24562720 152.10296928 42.27933093 1.45869664 1.18821168 1.28012228 18.00000000 1.00000000 20.00000000 148628968.22334158
350020.49119567 6935108.11849812 154.43721880 85.61172027 1.02565668 1.90360091 1.58060071 18.00000000 1.00000000 20.00000000 148628976.40402582
350831.27071732 6935198.05827578 153.27286717 104.82022827 1.30515995 1.30650933 1.67786236 18.00000000 1.00000000 20.00000000 148628961.44766676
350404.90650678 6935287.29548489 153.03170254 11.93763740 1.69840581 1.01264209 1.80348573 18.00000000 1.00000000 20.00000000 148628994.20728347
350178.34881225 6935388.66326961 159.35624515 16.51761374 1.48787229 1.76772478 1.79976785 18.00000000 1.00000000 20.00000000 148628966.84008342
351117.16391005 6935276.53264320 150.10367346 54.01781524 1.67851507 1.34590015 1.59902574 18.00000000 1.00000000 20.00000000 148628974.71692815
350511.08809806 6935221.44446399 157.09422759 74.76784169 1.55118821 1.91085266 1.96445568 18.00000000 1.00000000 20.00000000 148628996.21768054
351345.51038732 6935344.21909952 155.37858592 102.08733196 1.52416890 1.20921558 1.51004028 18.00000000 1.00000000 20.00000000 148628971.20679367
351214.18198506 6935458.25461958 154.46221458 28.04653347 1.85610844 1.86789340 1.12460497 18.00000000 1.00000000 20.00000000 148628992.64266142
350116.75814871 6935325.34602707 158.29498779 97.26928548 1.12098815 1.07230504 1.37473209 18.00000000 1.00000000 20.00000000 148628963.11787969
350905.28308939 6935174.93668115 153.32821971 24.36589728 1.07398746 1.49797656 1.72750769 18.00000000 1.00000000 20.00000000 148628985.19434047
350038.07435267 6935040.82485744 150.18917361 18.16937726 1.73952973 1.97076094 1.50663382 18.00000000 1.00000000 20.00000000 148628972.62343955
351336.84122088 6935411.00563233 150.55468326 122.30635611 1.07461675 1.09787071 1.85634519 18.00000000 1.00000000 20.00000000 148628997.03818512
351938.18749013 6935278.58829637 152.40765667 133.10811831 1.21012977 1.46495769 1.11585070 18.00000000 1.00000000 20.00000000 148628975.00473312
351329.33551649 6935114.99504660 155.17723107 45.02178331 1.05462963 1.16167705 1.76495750 18.00000000 1.00000000 20.00000000 148628966.37704238
351057.38717664 6935054.59417094 154.15741182 34.43096098 1.01485707 1.83936284 1.23521674 18.00000000 1.00000000 20.00000000 148628988.49992883
351856.06356532 6935333.16133925 151.70225034 76.11716385 1.09058342 1.85495100 1.14509750 18.00000000 1.00000000 20.00000000 148628983.74151799
351149.88058556 6935357.89671115 159.39425241 61.72895099 1.93861949 1.26625628 1.44951283 18.00000000 1.00000000 20.00000000 148628970.29168266
350652.53351458 6935177.27082356 152.67424340 66.70709445 1.97079445 1.49878630 1.93092185 18.00000000 1.00000000 20.00000000 148628966.50350061
350830.25630561 6935081.05619335 153.20498550 34.84895462 1.54604131 1.63835265 1.52254160 18.00000000 1.00000000 20.00000000 148628973.28600904
350909.36015554 6935322.36761196 155.81405724 114.59015299 1.59990033 1.86528681 1.67400830 18.00000000 1.00000000 20.00000000 148628985.13431609
350612.20770072 6935038.46185260 159.73053429 94.76243126 1.31778166 1.53876765 1.46607146 18.00000000 1.00000000 20.00000000 148628968.76152697
350206.17794867 6935416.21339340 159.13396713 71.95205960 1.10759943 1.99470136 1.10286466 18.00000000 1.00000000 20.00000000 148628970.54377857
350804.89739707 6935365.06422775 153.51303983 35.86276090 1.88760270 1.59867299 1.90583759 18.00000000 1.00000000 20.00000000 148628985.28237012
350804.59758519 6935003.34790204 153.59803208 92.18797771 1.91027918 1.80505461 1.44881023 18.00000000 1.00000000 20.00000000 148628960.48813197
350653.45627642 6935055.88935742 157.36388010 148.49727863 1.61028432 1.75356029 1.31468621 18.00000000 1.00000000 20.00000000 148628998.05481911
351879.73357092 6935211.01816885 156.83048237 68.16622286 1.94446152 1.46647030 1.97877051 18.00000000 1.00000000 20.00000000 148628973.53103599
350035.00255841 6935198.85662991 154.61401435 15.10299660 1.60839559 1.26918806 1.96717061 18.00000000 1.00000000 20.00000000 148628981.97674817
350439.88722851 6935384.88340465 151.46502648 129.52529913 1.10260284 1.68673776 1.49517253 18.00000000 1.00000000 20.00000000 148628995.55780262
351023.00821399 6935446.73844810 150.67580753 53.44203346 1.19732245 1.14709678 1.55295239 18.00000000 1.00000000 20.00000000 148628964.51727295
350710.92129170 6935124.56233658 156.52412660 57.71002229 1.15368955 1.15506487 1.56728072 18.00000000 1.00000000 20.00000000 148628997.52719417
350798.24469713 6935277.29099356 153.04860805 78.52658747 1.56877283 1.87408187 1.27158858 18.00000000 1.00000000 20.00000000 148628965.92427674
350116.33006854 6935127.53781125 155.77618254 60.97947919 1.87432605 1.88134726 1.02693760 18.00000000 1.00000000 20.00000000 148628970.08303866
350553.25463001 6935257.92060653 157.62665303 37.00967656 1.63638187 1.75586918 1.72764862 18.00000000 1.00000000 20.00000000 148628989.08263668
351547.30057482 6935122.91011382 154.17791720 141.00669199 1.47240256 1.08818867 1.41215441 18.00000000 1.00000000 20.00000000 148628980.79200661
351136.12815714 6935256.00318184 159.65773597 85.05483149 1.42356094 1.89160191 1.29330496 18.00000000 1.00000000 20.00000000 148628987.21745610
350265.80867277 6935299.54350758 154.55346410 92.45702449 1.32927663 1.75473001 1.42645849 18.00000000 1.00000000 20.00000000 148628997.51815450
351432.87835014 6935224.43455064 151.28250839 27.38491917 1.10272332 1.48627791 1.76940883 18.00000000 1.00000000 20.00000000 148628977.85190687
351663.50860725 6935278.19445800 155.65897355 80.33399130 1.33618845 1.39816048 1.46209701 18.00000000 1.00000000 20.00000000 148628975.18146876
350757.87325635 6935369.97469701 156.14355814 135.99827983 1.78051268 1.83776102 1.14510989 18.00000000 1.00000000 20.00000000 148628988.46566212
350600.60835380 6935246.78357737 153.53198597 29.95161602 1.12394492 1.02950555 1.33957522 18.00000000 1.00000000 20.00000000 148628987.87891522
351604.10993946 6935279.82496697 154.87547173 145.46329088 1.59419035 1.59914679 1.71512858 18.00000000 1.00000000 20.00000000 148628990.94735947
350762.68466556 6935455.78542800 152.01359128 40.98795397 1.15904404 1.06512455 1.07879558 18.00000000 1.00000000 20.00000000 148628963.78192481
350130.00046232 6935482.56071323 152.63616497 142.78696409 1.62788318 1.34234137 1.19850521 18.00000000 1.00000000 20.00000000 148628979.68160814
350360.59187576 6935415.89828553 153.74618081 97.62606863 1.75087281 1.39999375 1.73095911 18.00000000 1.00000000 20.00000000 148628990.40737066
351651.85813222 6935215.34896966 155.11099460 15.23455370 1.01574916 1.60039514 1.48434509 18.00000000 1.00000000 20.00000000 148628997.68408462
350228.37760371 6935498.44683847 154.46077390 52.30221237 1.77382300 1.87157420 1.09457981 18.00000000 1.00000000 20.00000000 148628987.39276093
350047.20584706 6935386.03530537 152.78155682 100.83536150 1.78556057 1.67077412 1.01310210 18.00000000 1.00000000 20.00000000 148628983.53018007
351956.24941778 6935108.30312137 154.99443000 59.69082015 1.81985647 1.12045214 1.55862238 18.00000000 1.00000000 20.00000000 148628966.16986775
350237.78496110 6935186.78781800 156.77479571 101.21110681 1.33531389 1.16836670 1.72566369 18.00000000 1.00000000 20.00000000 148628983.95809296
351662.49633754 6935151.15433123 151.60021605 36.47864734 1.46080230 1.32101448 1.55832741 18.00000000 1.00000000 20.00000000 148628962.91523445
351271.26014887 6935178.92081307 154.35239783 11.41955411 1.63615434 1.15136937 1.89638626 18.00000000 1.00000000 20.00000000 148628980.85385409
351757.63385824 6935290.13197125 155.36702016 105.26733854 1.38877026 1.23886435 1.18077396 18.00000000 1.00000000 20.00000000 148628977.04405701
351053.86052067 6935022.11796298 157.06079087 106.64986944 1.97976618 1.10393408 1.76418214 18.00000000 1.00000000 20.00000000 148628966.19377300
351400.46753327 6935127.54774425 157.10758067 110.58229668 1.09501152 1.71645482 1.42150497 18.00000000 1.00000000 20.00000000 148628978.67260280
351318.51377999 6935109.00953892 152.09119756 75.26854986 1.44239722 1.49058893 1.90143869 18.00000000 1.00000000 20.00000000 148628963.40345055
350493.98712076 6935298.07722887 155.66618491 103.49643905 1.99150241 1.37676217 1.58660815 18.00000000 1.00000000 20.00000000 148628985.62620637
350737.02426311 6935333.08338862 154.00925917 52.37879587 1.29145674 1.53682436 1.50597097 18.00000000 1.00000000 20.00000000 148628962.95046437
351787.21323734 6935020.37525572 151.35332648 44.60784206 1.55685389 1.97384189 1.01252064 18.00000000 1.00000000 20.00000000 148628983.36698005
350798.48542895 6935342.25389926 157.91091925 51.34579534 1.04948778 1.30888215 1.30005546 18.00000000 1.00000000 20.00000000 148628964.07802156
351874.50972990 6935059.62908826 154.34476870 75.45462399 1.32336063 1.51700447 1.34341195 18.00000000 1.00000000 20.00000000 148628976.50821236
351763.79329697 6935239.91454608 150.14462534 123.71494143 1.95849188 1.73048735 1.08972349 18.00000000 1.00000000 20.00000000 148628983.92725047
350798.88810233 6935010.90758925 153.36585696 31.66516540 1.97570736 1.76390706 1.18948076 18.00000000 1.00000000 20.00000000 148628998.85658064
351303.87716128 6935144.06686105 159.53650596 16.36347779 1.45081225 1.31865660 1.94033859 18.00000000 1.00000000 20.00000000 148628979.09699744
350576.97530391 6935367.85061861 159.34768087 63.57085915 1.97906428 1.85859831 1.00642559 18.00000000 1.00000000 20.00000000 148628967.09575641
350191.99941025 6935459.84026240 152.88874109 43.04809899 1.08639664 1.95633281 1.76047565 18.00000000 1.00000000 20.00000000 148628991.88969594
351079.31711220 6935135.10654684 151.96081843 79.15423847 1.09705554 1.81017486 1.86969412 18.00000000 1.00000000 20.00000000 148628986.59273487
350554.39594180 6935159.90619843 153.17776683 138.00618778 1.82856767 1.95911658 1.74246900 18.00000000 1.00000000 20.00000000 148628960.50684816
350987.79288290 6935109.13306898 159.42113292 77.69093001 1.74181717 1.68521423 1.90273909 18.00000000 1.00000000 20.00000000 148628960.63414738
351270.82537704 6935263.89557659 159.83616422 101.41828731 1.84194298 1.94562209 1.91205828 18.00000000 1.00000000 20.00000000 148628969.38447723
351903.13234972 6935151.19382104 152.59577314 26.94037592 1.93162787 1.25887332 1.98870682 18.00000000 1.00000000 20.00000000 148628967.62191945
351786.36151676 6935092.28737985 154.56534141 63.97999014 1.66820849 1.32954273 1.53758733 18.00000000 1.00000000 20.00000000 148628979.90139598
350491.11748374 6935013.60884918 154.46944851 140.66913924 1.01608314 1.26391890 1.19559409 18.00000000 1.00000000 20.00000000 148628967.58136773
351276.54679515 6935428.61695260 159.34775288 51.76532448 1.54154540 1.66598037 1.54501540 18.00000000 1.00000000 20.00000000 148628963.77852145
350718.42619767 6935010.78114071 157.93253928 81.44614535 1.29932862 1.75007211 1.44594290 18.00000000 1.00000000 20.00000000 148628981.49028787
350563.33411286 6935221.49871222 152.54798641 51.31136642 1.49983953 1.21331515 1.38888821 18.00000000 1.00000000 20.00000000 148628984.69997007
351050.30112236 6935455.46249313 158.32444626 110.05953450 1.57923416 1.81107375 1.09116124 18.00000000 1.00000000 20.00000000 148628988.19885913
350417.52830967 6935461.70603417 159.86722454 147.12543736 1.48339353 1.32652656 1.47480183 18.00000000 1.00000000 20.00000000 148628994.14202648
351617.01321030 6935082.43272446 152.30177121 67.32070292 1.66659451 1.04607871 1.57717617 18.00000000 1.00000000 20.00000000 148628979.78405738
351301.67156143 6935295.06940002 153.05898215 77.81911278 1.26163200 1.45550756 1.38393208 18.00000000 1.00000000 20.00000000 148628963.10893321
351667.05046998 6935325.44948473 157.81469563 17.32867120 1.81165144 1.45564924 1.29655133 18.00000000 1.00000000 20.00000000 148628990.97068155
351149.79287746 6935473.52378027 151.00772728 71.86122667 1.98215671 1.54145729 1.61330542 18.00000000 1.00000000 20.00000000 148628990.44850639
351500.24463959 6935163.52079622 156.55480611 142.16131003 1.25446517 1.18855977 1.82235880 18.00000000 1.00000000 20.00000000 148628986.74204695
350113.78095904 6935349.93168589 156.05224090 21.31556032 1.45004613 1.77671652 1.48347182 18.00000000 1.00000000 20.00000000 148628981.57875851
351878.58956501 6935033.16399243 153.76058603 143.38658804 1.99373918 1.18607851 1.52041797 18.00000000 1.00000000 20.00000000 148628983.47124222
351851.62926444 6935241.22876805 154.82375199 117.66811541 1.18170249 1.91778591 1.61698195 18.00000000 1.00000000 20.00000000 148628964.19301298
351745.36324935 6935280.35849960 151.06821813 26.58047451 1.81024141 1.82345633 1.68661558 18.00000000 1.00000000 20.00000000 148628978.00287339
351231.07885364 6935234.96743457 153.84124962 58.57071429 1.89150834 1.18332483 1.47866787 18.00000000 1.00000000 20.00000000 148628976.67736161
350879.86034424 6935403.62185896 158.49813066 138.58718785 1.12733328 1.12718646 1.75964537 18.00000000 1.00000000 20.00000000 148628968.27757531
350982.87211218 6935265.63491446 157.45510189 80.39766650 1.21291060 1.42778762 1.52095772 18.00000000 1.00000000 20.00000000 148628993.91978472
351419.24973155 6935479.05240198 156.46383950 108.39856944 1.48729833 1.84631216 1.54903224 18.00000000 1.00000000 20.00000000 148628985.63598621
350817.47904559 6935226.27353656 159.44816257 74.53714622 1.70465875 1.78799835 1.96087095 18.00000000 1.00000000 20.00000000 148628960.52370027
350644.84782061 6935458.81183782 151.87838775 114.32670537 1.36627061 1.91883254 1.11818102 18.00000000 1.00000000 20.00000000 148628986.35533634
350880.68114785 6935454.14833314 158.46918733 10.02493397 1.01430196 1.99400927 1.90916798 18.00000000 1.00000000 20.00000000 148628960.47950900
350097.01842258 6935422.07326016 159.36013117 116.87769568 1.04931467 1.16315155 1.24013728 18.00000000 1.00000000 20.00000000 148628998.58661103
350667.78209354 6935091.01117942 159.20083343 39.50551450 1.48271349 1.95796484 1.19881561 18.00000000 1.00000000 20.00000000 148628979.35937417
351849.34580514 6935075.10647539 152.81402557 148.28628601 1.50439294 1.91775825 1.96861412 18.00000000 1.00000000 20.00000000 148628968.33543110
351528.36610788 6935468.44565313 157.49704785 60.88457912 1.25766221 1.43405032 1.02427971 18.00000000 1.00000000 20.00000000 148628987.91402537
351970.74623490 6935452.90937193 152.10302243 54.37631045 1.99466797 1.89199852 1.53753581 18.00000000 1.00000000 20.00000000 148628974.42975605
351895.51505483 6935048.09636711 159.57649030 13.20618283 1.52719416 1.16365757 1.01765775 18.00000000 1.00000000 20.00000000 148628974.26186088
351083.45683554 6935493.61843449 153.01265184 91.20572337 1.42913121 1.94231018 1.10137195 18.00000000 1.00000000 20.00000000 148628987.73708615
351226.01691855 6935068.55503219 151.04801810 114.46562533 1.40434653 1.66017066 1.09195820 18.00000000 1.00000000 20.00000000 148628981.35294119
351915.86748772 6935423.96940893 159.70887338 20.85820484 1.28930656 1.96404875 1.01530218 18.00000000 1.00000000 20.00000000 148628967.16468775
351980.65619637 6935290.36510382 157.45093957 116.04893355 1.36632010 1.78447238 1.98886366 18.00000000 1.00000000 20.00000000 148628991.75503606
351308.75429497 6935369.95320330 150.64083952 11.20654794 1.48146648 1.03098261 1.95098748 18.00000000 1.00000000 20.00000000 148628971.89073288
350950.87584648 6935227.24426241 155.77752392 54.20023991 1.23818625 1.71006866 1.49784838 18.00000000 1.00000000 20.00000000 148628970.47939131
350767.51195137 6935411.54569101 158.32944614 42.06831757 1.54310449 1.47747662 1.26004739 18.00000000 1.00000000 20.00000000 148628960.99653667
350087.54835336 6935498.32299336 157.06980166 29.30445652 1.37432118 1.53729298 1.11742082 18.00000000 1.00000000 20.00000000 148628961.47631887
351205.23921532 6935201.59361485 157.87791015 61.74969068 1.97872022 1.99177677 1.06777774 18.00000000 1.00000000 20.00000000 148628997.24104360
350028.20448072 6935182.63060162 158.96783111 82.83101621 1.09190543 1.26058471 1.03202161 18.00000000 1.00000000 20.00000000 148628990.73894948
351698.64963668 6935459.15243634 151.06632971 10.87868979 1.06438085 1.39795621 1.40605136 18.00000000 1.00000000 20.00000000 148628985.90730938
350066.61908760 6935481.46575932 158.00838616 53.95196284 1.14053036 1.56974854 1.77332052 18.00000000 1.00000000 20.00000000 148628978.43642205
350277.97856249 6935161.78710159 154.89440932 53.69518697 1.25458309 1.84193436 1.26695175 18.00000000 1.00000000 20.00000000 148628964.82421976
350001.03747320 6935346.55632506 151.96399127 107.21631641 1.22939548 1.67924826 1.96892103 18.00000000 1.00000000 20.00000000 148628963.05169722
350496.25703995 6935130.27031824 155.94755604 71.01815136 1.25824661 1.56943234 1.33145850 18.00000000 1.00000000 20.00000000 148628981.25651485
351904.80060899 6935004.79795005 151.61584271 10.54292668 1.52911203 1.31399886 1.68177049 18.00000000 1.00000000 20.00000000 148628987.27168846
350659.92276070 6935437.78181232 154.19709676 88.07869229 1.80659328 1.54096837 1.33915854 18.00000000 1.00000000 20.00000000 148628960.70366672
351225.38232507 6935385.77470070 156.15551275 138.67704164 1.04214525 1.70977695 1.45216050 18.00000000 1.00000000 20.00000000 148628974.19391179
350467.93522420 6935340.28242724 151.27496943 103.49099326 1.79598180 1.39668907 1.90887257 18.00000000 1.00000000 20.00000000 148628973.08614263
351299.45088751 6935455.20949053 153.88032691 124.19427877 1.76556357 1.73018175 1.32261212 18.00000000 1.00000000 20.00000000 148628961.64046809
351940.07312552 6935429.23974861 159.53637786 136.61835887 1.98818567 1.38374862 1.55667369 18.00000000 1.00000000 20.00000000 148628977.07246497
350025.95206249 6935330.91072255 157.51327465 145.85438153 1.91836192 1.73913327 1.48404485 18.00000000 1.00000000 20.00000000 148628965.61201453
351814.67509468 6935399.52672703 152.57769176 110.37536248 1.94525337 1.28979153 1.98784647 18.00000000 1.00000000 20.00000000 148628960.37883797
350640.02074804 6935326.71893140 155.86435457 73.77054139 1.72159218 1.44449410 1.27506872 18.00000000 1.00000000 20.00000000 148628980.20457581
350050.78518584 6935356.29079002 151.70835577 23.38309832 1.84564209 1.43941699 1.68511293 18.00000000 1.00000000 20.00000000 148628987.15840939
351662.27677950 6935388.18691226 156.69854931 78.25673651 1.41099173 1.80157071 1.81093227 18.00000000 1.00000000 20.00000000 148628983.26275036
350325.16376750 6935035.09617264 156.15246925 47.42564286 1.98468539 1.02368638 1.56165794 18.00000000 1.00000000 20.00000000 148628975.46728870
350408.88255642 6935123.84598659 155.04496766 70.62306393 1.20615831 1.26898418 1.20354133 18.00000000 1.00000000 20.00000000 148628987.76896927
351850.67962888 6935129.61946293 154.21840730 86.11026753 1.45614193 1.33912585 1.46868012 18.00000000 1.00000000 20.00000000 148628966.71744326
351028.41406593 6935475.37183245 157.26092491 123.86525884 1.54638968 1.33090602 1.64659220 18.00000000 1.00000000 20.00000000 148628992.98979995
351279.80814907 6935472.63252188 150.56444440 108.64029491 1.31477956 1.50867683 1.49235839 18.00000000 1.00000000 20.00000000 148628962.00749570
350519.98827221 6935476.54243226 150.70894763 112.39655193 1.86718597 1.08784495 1.00238276 18.00000000 1.00000000 20.00000000 148628985.77524263
351529.84702578 6935326.53795112 155.31716494 125.49471234 1.06541342 1.04094986 1.63440311 18.00000000 1.00000000 20.00000000 148628979.21535301
350062.44526004 6935020.07079582 158.16061964 98.18218595 1.74898980 1.95962298 1.18349514 18.00000000 1.00000000 20.00000000 148628962.25088897
351252.11758942 6935393.28403442 158.04603869 14.19744864 1.48175589 1.81919730 1.39542173 18.00000000 1.00000000 20.00000000 148628976.92177305
351040.42079754 6935337.77954323 157.11135915 112.38772355 1.75940438 1.44580048 1.76473732 18.00000000 1.00000000 20.00000000 148628992.13927796
350090.24923426 6935438.37850937 157.66451624 23.33547010 1.18778619 1.68009525 1.60805515 18.00000000 1.00000000 20.00000000 148628994.41595522
351871.05155106 6935222.75264037 156.94482431 60.63024454 1.77145612 1.96562948 1.87796404 18.00000000 1.00000000 20.00000000 148628996.05695447
350172.44990643 6935107.33031053 150.40711436 132.07137947 1.39712683 1.11668210 1.62161016 18.00000000 1.00000000 20.00000000 148628981.11225456
351451.93555748 6935339.86735262 150.05892604 90.97229539 1.72186217 1.99316464 1.68336914 18.00000000 1.00000000 20.00000000 148628996.06064427
351314.10238949 6935136.14150566 158.79711426 47.00152773 1.45328712 1.64714315 1.45617696 18.00000000 1.00000000 20.00000000 148628976.92031828
351333.42439265 6935453.81335574 151.77318267 124.78715658 1.08393221 1.36262887 1.59778912 18.00000000 1.00000000 20.00000000 148628987.63938758
351766.01773645 6935226.85229262 151.72827728 127.45253853 1.97605306 1.78369487 1.66547340 18.00000000 1.00000000 20.00000000 148628996.50516090
350662.79093077 6935213.88052576 159.32992594 82.10845684 1.37945373 1.26516344 1.61098186 18.00000000 1.00000000 20.00000000 148628994.48538175
350626.77051724 6935295.53010703 152.19767025 16.46919032 1.24653922 1.59446821 1.17364735 18.00000000 1.00000000 20.00000000 148628994.61809561
350516.37368137 6935297.89123996 152.52427808 95.56810143 1.55287092 1.97835698 1.00253903 18.00000000 1.00000000 20.00000000 148628991.08379522
351381.17381909 6935224.24484025 158.95735542 11.85434205 1.87197000 1.63792099 1.30841411 18.00000000 1.00000000 20.00000000 148628972.64063087
351318.70999010 6935183.87719247 155.80449005 95.89172411 1.62592202 1.05521905 1.95101727 18.00000000 1.00000000 20.00000000 148628978.27348581
351244.21834040 6935484.98543107 158.06845618 146.70332691 1.80771145 1.07244720 1.43836277 18.00000000 1.00000000 20.00000000 148628991.66874531
350702.27761550 6935080.71366545 154.85179417 108.28547856 1.16195302 1.00994256 1.74653455 18.00000000 1.00000000 20.00000000 148628962.10240194
351735.61023543 6935237.19554463 155.05459780 130.19917306 1.27426654 1.93206591 1.27465466 18.00000000 1.00000000 20.00000000 148628967.59551036
351146.72390435 6935242.55324203 152.69985469 38.08851570 1.22806652 1.47797130 1.71235945 18.00000000 1.00000000 20.00000000 148628981.17205182
350559.47127461 6935149.48340186 154.00079806 97.57044747 1.63416636 1.36087256 1.54205569 18.00000000 1.00000000 20.00000000 148628985.09172165
351001.24845276 6935468.54951680 155.62136249 143.13857963 1.65600054 1.10461832 1.49521254 18.00000000 1.00000000 20.00000000 148628973.66313079
350898.76816411 6935422.89687720 153.35695297 25.22367218 1.39743343 1.29365940 1.27841792 18.00000000 1.00000000 20.00000000 148628979.32537267
351663.63575058 6935262.77773812 156.70064132 134.57323203 1.82379104 1.11772079 1.72092080 18.00000000 1.00000000 20.00000000 148628966.06984702
351199.37019048 6935086.56962250 159.66713326 39.31946762 1.93071800 1.00310672 1.03866875 18.00000000 1.00000000 20.00000000 148628977.13976526
350723.96672597 6935393.85659269 156.90949084 127.98334993 1.21092886 1.19983513 1.20196927 18.00000000 1.00000000 20.00000000 148628962.94402239
351239.49537461 6935391.57129298 156.31341765 83.83306419 1.76450360 1.23823675 1.17577006 18.00000000 1.00000000 20.00000000 148628965.21206397
350425.58324361 6935012.64485714 156.21349199 78.16657027 1.00964258 1.02072074 1.31333080 18.00000000 1.00000000 20.00000000 148628997.74231270
350471.56584481 6935079.10469189 154.94344038 14.20307806 1.30485225 1.96891068 1.76613612 18.00000000 1.00000000 20.00000000 148628965.91816536
351488.40984520 6935489.17605516 152.34099766 52.72457176 1.89091680 1.60194080 1.54491940 18.00000000 1.00000000 20.00000000 148628996.62971386
351438.32701468 6935234.48532220 156.97959716 126.49426211 1.42030103 1.40719529 1.18582353 18.00000000 1.00000000 20.00000000 148628966.79116750
350876.24975475 6935346.52007152 153.45061751 97.81569310 1.55131746 1.51314566 1.85676783 18.00000000 1.00000000 20.00000000 148628966.87917814
351691.78371588 6935024.57985085 159.38540187 126.60100262 1.81179681 1.05888377 1.45184891 18.00000000 1.00000000 20.00000000 148628981.44576472
350410.25615150 6935321.47153196 153.18317495 144.76704846 1.60161563 1.14201515 1.53592494 18.00000000 1.00000000 20.00000000 148628989.34844160
351860.64770050 6935247.88496186 152.75659818 66.41145429 1.05982622 1.98029648 1.65188944 18.00000000 1.00000000 20.00000000 148628989.13242263
351970.96662414 6935243.82950502 157.33585824 84.19900934 1.33699432 1.56957395 1.42944073 18.00000000 1.00000000 20.00000000 148628987.41688642
350368.45972938 6935377.78212443 155.46017562 40.95327700 1.56299510 1.77729341 1.53786290 18.00000000 1.00000000 20.00000000 148628963.31495473
351058.52713096 6935239.11969150 152.87286360 100.94274096 1.28634559 1.71828257 1.55461749 18.00000000 1.00000000 20.00000000 148628992.16171464
351168.31377136 6935442.56098113 155.92444986 107.29261795 1.94870737 1.92209638 1.38470977 18.00000000 1.00000000 20.00000000 148628987.76438823
351029.86213905 6935146.26060317 153.82423297 52.10956624 1.46755270 1.53421545 1.37299022 18.00000000 1.00000000 20.00000000 148628988.79436094
351859.95631939 6935485.47969102 152.06891060 56.52684144 1.50350870 1.26612392 1.85590663 18.00000000 1.00000000 20.00000000 148628994.31688598
351700.29417175 6935069.05514597 152.83448944 58.79218074 1.42921795 1.57647213 1.30650047 18.00000000 1.00000000 20.00000000 148628991.61433136
351078.88878557 6935166.06674770 150.65632757 44.37755626 1.95825651 1.26845891 1.27755463 18.00000000 1.00000000 20.00000000 148628965.27985924
351021.62712504 6935217.34490938 150.52214055 135.43733850 1.88180563 1.09511257 1.19847435 18.00000000 1.00000000 20.00000000 148628985.40098444
350268.95205494 6935462.18786291 153.30058237 109.40999398 1.22925594 1.88407694 1.02906888 18.00000000 1.00000000 20.00000000 148628984.48774210
350033.92914124 6935106.05803458 155.34846771 44.40647950 1.70348373 1.16187928 1.35347568 18.00000000 1.00000000 20.00000000 148628988.35741639
350334.59198943 6935427.20381003 157.85833170 134.56071221 1.41626816 1.10533038 1.90542145 18.00000000 1.00000000 20.00000000 148628971.32853901
350271.35892703 6935417.00516143 155.69031985 129.51264139 1.02787122 1.02831000 1.75751429 18.00000000 1.00000000 20.00000000 148628971.27778915
351235.36673590 6935195.37880716 159.27655758 26.47272827 1.87705488 1.00621568 1.47225490 18.00000000 1.00000000 20.00000000 148628980.24953812
351547.46573549 6935398.30868420 155.07934381 102.06911047 1.68961302 1.92991463 1.66441395 18.00000000 1.00000000 20.00000000 148628995.51545516
350288.28843155 6935318.33702537 157.23398187 99.61466937 1.61168208 1.02638120 1.11921055 18.00000000 1.00000000 20.00000000 148628998.82016063
350017.58210942 6935368.52372102 154.48567634 65.18436225 1.09338683 1.25386746 1.28405564 18.00000000 1.00000000 20.00000000 148628971.12919268
350672.51079142 6935497.07033863 155.73977467 101.04862463 1.40550197 1.60393550 1.79460541 18.00000000 1.00000000 20.00000000 148628970.46417052
350492.18943239 6935180.66412642 157.55649624 114.71889269 1.28826767 1.64716056 1.47427999 18.00000000 1.00000000 20.00000000 148628979.00297850
350622.86495663 6935362.41907088 154.28786828 10.35913137 1.00907097 1.50874745 1.31684214 18.00000000 1.00000000 20.00000000 148628981.99223080
351215.57497543 6935044.68460723 156.38100971 82.54773109 1.23982328 1.10761357 1.81778621 18.00000000 1.00000000 20.00000000 148628972.58236125
350219.11395146 6935427.08283045 154.84334019 141.24392892 1.78010813 1.19732099 1.32722557 18.00000000 1.00000000 20.00000000 148628978.21384409
351296.25416275 6935279.53304502 154.48180566 116.56161207 1.00809642 1.62385343 1.41547589 18.00000000 1.00000000 20.00000000 148628966.20189226
351399.38248569 6935125.62432574 157.89725380 38.14509155 1.45934508 1.00633926 1.23965691 18.00000000 1.00000000 20.00000000 148628973.12455714
350009.93872191 6935236.29177930 157.05212003 124.76904312 1.49816064 1.58524875 1.63548619 18.00000000 1.00000000 20.00000000 148628981.65005174
350715.25309380 6935386.62952357 159.83464088 115.15051641 1.18514333 1.29051802 1.16655684 18.00000000 1.00000000 20.00000000 148628982.75869453
351937.47486563 6935331.68360327 157.76433282 120.95539071 1.98462245 1.29206694 1.35829345 18.00000000 1.00000000 20.00000000 148628963.49515304
350890.78460141 6935380.68629737 151.75775151 140.36077793 1.38527608 1.68393247 1.15150396 18.00000000 1.00000000 20.00000000 148628966.72364524
351196.25956224 6935029.16862563 158.67241809 147.63984034 1.75912952 1.44085486 1.38272084 18.00000000 1.00000000 20.00000000 148628976.17358944
350444.79676946 6935237.60117657 154.84011890 146.54469046 1.64323003 1.63923098 1.50835992 18.00000000 1.00000000 20.00000000 148628989.98535943
351941.05948574 6935072.05268393 153.18329659 67.37532062 1.69348631 1.21277046 1.43635939 18.00000000 1.00000000 20.00000000 148628996.91123959
350727.98044436 6935170.01928173 158.94054807 98.84784307 1.42636134 1.61840291 1.71894308 18.00000000 1.00000000 20.00000000 148628981.39210629
350990.29668146 6935267.91341003 156.75432366 124.47719539 1.48161588 1.59216645 1.41325337 18.00000000 1.00000000 20.00000000 148628992.02487001
350071.01559807 6935090.31202415 154.51870363 15.66097497 1.75846336 1.83972341 1.67928186 18.00000000 1.00000000 20.00000000 148628968.06555176
350973.62073556 6935089.59976212 150.76255680 138.40723077 1.34966350 1.76331409 1.13840955 18.00000000 1.00000000 20.00000000 148628961.72076371
350842.53138105 6935028.04575620 159.35486759 77.62355254 1.93794523 1.39512560 1.47425226 18.00000000 1.00000000 20.00000000 148628983.31855708
351947.78083007 6935180.93212125 156.09728661 116.67489097 1.09509634 1.15593930 1.96511361 18.00000000 1.00000000 20.00000000 148628972.35224980
351451.41453613 6935275.32618406 154.83022413 89.42441036 1.69867629 1.69924231 1.04232906 18.00000000 1.00000000 20.00000000 148628996.65865609
351521.00427174 6935137.65461088 157.66428604 32.77117409 1.76746154 1.02919443 1.79507718 18.00000000 1.00000000 20.00000000 148628976.77723098
351185.07508387 6935416.85769548 153.37277291 140.03034751 1.52179185 1.80828229 1.60453093 18.00000000 1.00000000 20.00000000 148628984.47004849
350127.04240481 6935218.71514533 155.00630620 28.39554083 1.98517092 1.16921074 1.33090078 18.00000000 1.00000000 20.00000000 148628999.77410349
350930.92602829 6935473.38298282 154.04059738 137.19165994 1.59937435 1.46553740 1.66060157 18.00000000 1.00000000 20.00000000 148628975.62391290
351522.16913646 6935415.16905685 154.88769418 116.35740210 1.88065352 1.95145002 1.53409405 18.00000000 1.00000000 20.00000000 148628993.68672648
350236.21558300 6935039.73552846 156.38611527 132.02868115 1.48292697 1.24416201 1.77020624 18.00000000 1.00000000 20.00000000 148628994.32768139
351256.37871625 6935094.40294150 150.47919211 33.17509042 1.15565782 1.63573599 1.89154283 18.00000000 1.00000000 20.00000000 148628982.22152719
350638.83457082 6935081.22222520 157.41480065 107.44705712 1.97851623 1.37774846 1.18176183 18.00000000 1.00000000 20.00000000 148628985.80063334
351618.20414339 6935161.15967405 152.21237834 122.17131322 1.06626191 1.83713659 1.32361566 18.00000000 1.00000000 20.00000000 148628986.47618636
351655.08025479 6935123.47344791 158.04166362 22.10608374 1.75344123 1.84324742 1.73753005 18.00000000 1.00000000 20.00000000 148628985.00410846
350179.95106424 6935050.59456333 155.65807184 104.87144330 1.09512369 1.17949657 1.67358918 18.00000000 1.00000000 20.00000000 148628965.39098859
351484.88846803 6935061.63905512 157.66822523 98.43142806 1.27110228 1.50605724 1.51972133 18.00000000 1.00000000 20.00000000 148628975.45026845
350715.89420516 6935486.74030263 150.77393177 104.29602390 1.93602091 1.14714121 1.29805759 18.00000000 1.00000000 20.00000000 148628965.71692210
351938.06691234 6935497.05405887 159.37178891 67.93900557 1.01964689 1.76466298 1.37501129 18.00000000 1.00000000 20.00000000 148628982.53862172
350946.46459972 6935357.15021550 152.34501475 65.95657211 1.10141181 1.15428613 1.84600225 18.00000000 1.00000000 20.00000000 148628990.98878795
350182.09060333 6935407.53678733 157.11461781 110.40988517 1.47178321 1.80505254 1.85463128 18.00000000 1.00000000 20.00000000 148628976.38005951
350943.63540014 6935371.21475643 150.71290860 68.75253570 1.50684118 1.01815659 1.80224862 18.00000000 1.00000000 20.00000000 148628961.99619925
351118.34264166 6935241.21596725 152.11959739 37.38697268 1.84799317 1.48089787 1.25967719 18.00000000 1.00000000 20.00000000 148628972.46893153
350235.22051167 6935122.89408573 150.24905077 140.38827301 1.01827340 1.47569729 1.92366104 18.00000000 1.00000000 20.00000000 148628995.63444048
350399.48547680 6935216.61010900 152.69272502 34.33268036 1.67990338 1.99766031 1.47026391 18.00000000 1.00000000 20.00000000 148628970.47965145
351842.43310794 6935003.22416116 154.92891727 142.57327424 1.54386951 1.76357418 1.92754195 18.00000000 1.00000000 20.00000000 148628964.04613820
351067.74364267 6935148.35532325 156.18563413 90.02844520 1.02753649 1.18871670 1.10327391 18.00000000 1.00000000 20.00000000 148628992.14434960
350963.53298260 6935306.10196672 155.88889243 43.14880894 1.54337025 1.80363166 1.19625744 18.00000000 1.00000000 20.00000000 148628976.46348754
351217.33340077 6935435.13913717 151.15631949 71.20057147 1.24844296 1.80964124 1.29163031 18.00000000 1.00000000 20.00000000 148628970.82929945
350836.03284818 6935336.64633871 151.72999323 148.41742300 1.39650234 1.72714290 1.68403659 18.00000000 1.00000000 20.00000000 148628998.03292975
350675.20568939 6935327.30885739 154.38273167 146.45910249 1.18846588 1.87356609 1.42075130 18.00000000 1.00000000 20.00000000 148628995.02009439
351147.10717821 6935370.82638801 156.21877309 21.06479352 1.84769277 1.13476554 1.81688315 18.00000000 1.00000000 20.00000000 148628991.57205790
350917.40424305 6935168.98977531 150.91821601 143.71421295 1.68227573 1.22874046 1.77006894 18.00000000 1.00000000 20.00000000 148628964.76762167
350833.10127365 6935287.71120300 156.12159474 50.41005861 1.11087416 1.53454789 1.95966372 18.00000000 1.00000000 20.00000000 148628975.44296268
350070.84579230 6935289.16012602 158.45651436 138.39667596 1.32816283 1.76969947 1.04581439 18.00000000 1.00000000 20.00000000 148628965.55366504
350470.25563152 6935276.96280145 150.27746028 123.99440647 1.37127938 1.26827120 1.19536226 18.00000000 1.00000000 20.00000000 148628997.18308631
351960.21181776 6935037.04250744 156.06893562 85.73547853 1.63769177 1.78674946 1.77290561 18.00000000 1.00000000 20.00000000 148628990.04630014
351160.90993121 6935408.59912552 157.88942601 11.14195983 1.49006847 1.29196918 1.46824431 18.00000000 1.00000000 20.00000000 148628965.95620295
350274.18897744 6935328.30036389 151.25584769 46.63777426 1.36036177 1.33873085 1.28473756 18.00000000 1.00000000 20.00000000 148628979.38905904
350389.46522025 6935268.98472513 153.59984245 67.95464897 1.37948140 1.85270320 1.81530421 18.00000000 1.00000000 20.00000000 148628991.75072989
351681.48569357 6935440.36595343 155.29423012 11.35121209 1.68469635 1.92095442 1.08260190 18.00000000 1.00000000 20.00000000 148628973.81947291
350296.73818589 6935363.05051389 152.03639336 22.04281263 1.34659746 1.48161869 1.29291577 18.00000000 1.00000000 20.00000000 148628969.46087071
350396.30313033 6935493.14574894 155.19281024 46.37774646 1.31166699 1.33463750 1.47765136 18.00000000 1.00000000 20.00000000 148628991.82424092
350422.85841404 6935434.29083380 153.30892517 134.10018531 1.79151590 1.76543735 1.23267248 18.00000000 1.00000000 20.00000000 148628999.77816594
351071.73165580 6935082.22312121 156.83229594 97.98875611 1.70790081 1.70131459 1.72282195 18.00000000 1.00000000 20.00000000 148628974.56213251
350503.48939373 6935367.11710215 158.31467300 77.24753184 1.60805556 1.75857705 1.75190199 18.00000000 1.00000000 20.00000000 148628985.49158365
351745.54101814 6935139.80543656 157.45572972 116.35987371 1.90299983 1.86216703 1.02056923 18.00000000 1.00000000 20.00000000 148628990.74642754
351666.50197062 6935446.32872817 158.34019620 148.42226774 1.02195003 1.29878813 1.87543086 18.00000000 1.00000000 20.00000000 148628964.76501808
351718.89818172 6935302.47533820 152.29681813 51.10122292 1.09894037 1.31180647 1.18263905 18.00000000 1.00000000 20.00000000 148628974.87739596
350013.31992438 6935472.50215169 159.96822084 27.74023333 1.77595836 1.83006812 1.94290556 18.00000000 1.00000000 20.00000000 148628972.79230332
350463.36562451 6935303.55070747 159.59140238 84.22274621 1.55497312 1.94852927 1.66557383 18.00000000 1.00000000 20.00000000 148628980.37649539
350778.95894566 6935120.30222018 159.28813134 133.50979774 1.10861761 1.23224412 1.30109570 18.00000000 1.00000000 20.00000000 148628976.18938068
350907.85922308 6935301.44412826 150.72423282 52.12775188 1.24747286 1.29941678 1.66540150 18.00000000 1.00000000 20.00000000 148628985.21254471
351445.20799572 6935078.03809308 150.72996214 38.97093084 1.88908221 1.21484762 1.01703067 18.00000000 1.00000000 20.00000000 148628969.64395440
350238.12385132 6935008.73532397 151.89839912 134.12485577 1.72489959 1.58729345 1.18989122 18.00000000 1.00000000 20.00000000 148628985.87601292
351769.96761056 6935280.66915813 151.32208227 60.69854043 1.04917983 1.77956241 1.95062612 18.00000000 1.00000000 20.00000000 148628984.10071579
351458.03220367 6935000.31638743 151.55273375 74.43711499 1.90642172 1.30758193 1.17143737 18.00000000 1.00000000 20.00000000 148628971.72387087
351324.26254527 6935469.26260687 152.00867502 19.96990962 1.23723867 1.63714356 1.49718458 18.00000000 1.00000000 20.00000000 148628966.93595093
350848.33576070 6935441.31822564 150.36446132 29.98436578 1.32993941 1.50361952 1.42321420 18.00000000 1.00000000 20.00000000 148628964.44139042
350445.49625342 6935477.44740933 151.13469982 26.11924141 1.02928990 1.70149060 1.15882666 18.00000000 1.00000000 20.00000000 148628973.48724946
350934.05828740 6935216.01390582 155.98666784 106.97594770 1.15215698 1.87897298 1.43302794 18.00000000 1.00000000 20.00000000 148628986.80237588
350140.31013401 6935044.96869327 157.99570228 42.09720737 1.51844763 1.34254897 1.20119694 18.00000000 1.00000000 20.00000000 148628961.27115911
350354.11078127 6935444.20166668 154.43650723 26.50781922 1.92852554 1.08140047 1.90708758 18.00000000 1.00000000 20.00000000 148628965.13548344
351963.07750321 6935409.78007718 153.14346149 99.88944866 1.78601340 1.38922735 1.43150957 18.00000000 1.00000000 20.00000000 148628964.19531515
350343.66325883 6935104.84890016 153.25528174 57.19884041 1.06931157 1.35957055 1.51218696 18.00000000 1.00000000 20.00000000 148628978.77602708
351627.84155847 6935462.21232739 152.94490703 56.99007067 1.86965285 1.27751626 1.64457978 18.00000000 1.00000000 20.00000000 148628973.19591033
350238.71929379 6935343.22816980 155.58361855 107.26395663 1.38675463 1.45693647 1.40222193 18.00000000 1.00000000 20.00000000 148628986.28349102
350366.33725265 6935478.03503691 152.43865790 69.36081558 1.66178741 1.29487772 1.58860518 18.00000000 1.00000000 20.00000000 148628999.77378148
351308.96694110 6935435.78424057 157.45372385 85.90475524 1.37085645 1.39064053 1.62397377 18.00000000 1.00000000 20.00000000 148628998.01548010
351068.82450568 6935320.10320769 158.54472843 121.22743454 1.78625509 1.91981684 1.31827455 18.00000000 1.00000000 20.00000000 148628965.36344936
350896.60212733 6935450.35355445 150.26477690 123.58928619 1.10163783 1.05932178 1.13098952 18.00000000 1.00000000 20.00000000 148628963.65883806
351797.61769718 6935402.30670611 158.94535380 109.80955948 1.12523641 1.95647541 1.66850031 18.00000000 1.00000000 20.00000000 148628971.69738683
350601.38056166 6935281.92692567 155.66226591 57.02089066 1.36479203 1.83546111 1.85127548 18.00000000 1.00000000 20.00000000 148628972.47676829
350863.88088750 6935194.81010534 158.00021198 134.39570254 1.62218139 1.12399299 1.44404823 18.00000000 1.00000000 20.00000000 148628966.68963307
351357.89400539 6935080.14802536 157.71475014 58.91794567 1.46680418 1.57029247 1.69536852 18.00000000 1.00000000 20.00000000 148628998.26678339
351881.62387678 6935287.00979635 152.05071520 144.39238910 1.15711344 1.98258795 1.61921512 18.00000000 1.00000000 20.00000000 148628971.64070487
351111.55689230 6935408.37633136 159.34585817 27.94364312 1.46953611 1.14636703 1.07574469 18.00000000 1.00000000 20.00000000 148628975.38155097
351120.22867620 6935336.31963824 155.42531280 41.88850905 1.80347220 1.07877645 1.39883544 18.00000000 1.00000000 20.00000000 148628970.74028951
351517.71227260 6935467.26040087 158.51008055 114.59822247 1.66712492 1.94261046 1.80826486 18.00000000 1.00000000 20.00000000 148628972.04647788
350674.24851173 6935249.03830076 157.90088938 11.78243485 1.12122052 1.06722936 1.83597045 18.00000000 1.00000000 20.00000000 148628972.86990210
351361.59836407 6935205.98752058 150.20146995 77.09002822 1.87918066 1.13770050 1.46916481 18.00000000 1.00000000 20.00000000 148628994.95867482
351246.73796294 6935256.84374186 151.85175195 29.44495428 1.12565250 1.62222911 1.23373515 18.00000000 1.00000000 20.00000000 148628971.32527164
351407.48805747 6935455.08214449 152.10374677 135.33718468 1.59571723 1.40948742 1.88394104 18.00000000 1.00000000 20.00000000 148628994.68554744
351989.64450740 6935395.78699107 150.82699870 120.83909315 1.75034655 1.34027203 1.44599107 18.00000000 1.00000000 20.00000000 148628993.40766796
351331.01725070 6935424.57245829 158.82499725 103.88613189 1.52962480 1.59518372 1.72624635 18.00000000 1.00000000 20.00000000 148628995.35125625
351650.92548100 6935452.23734768 153.12725533 129.85630987 1.69334502 1.02900110 1.04090194 18.00000000 1.00000000 20.00000000 148628987.75355920
351161.61911968 6935047.14363055 158.70349998 34.60965716 1.20774952 1.59458292 1.83476121 18.00000000 1.00000000 20.00000000 148628971.30719382
350177.68243559 6935277.39616869 159.55401861 134.57767845 1.60327955 1.32433144 1.83379823 18.00000000 1.00000000 20.00000000 148628996.40589482
350190.31840701 6935085.13576771 153.57168890 22.90047492 1.47657410 1.40105991 1.24266773 18.00000000 1.00000000 20.00000000 148628966.06135789
350183.52651901 6935180.48226620 155.73018359 125.77998349 1.98846986 1.12657087 1.05456106 18.00000000 1.00000000 20.00000000 148628990.87242839
351888.88696450 6935189.41203234 152.92545896 131.27586217 1.51581458 1.93930411 1.11760039 18.00000000 1.00000000 20.00000000 148628990.04371911
351493.29069445 6935215.39062172 155.00004362 50.21286771 1.14786003 1.80898285 1.96849221 18.00000000 1.00000000 20.00000000 148628971.45382926
350467.52355022 6935076.54339430 156.61490343 142.66896809 1.63337167 1.06666337 1.88250217 18.00000000 1.00000000 20.00000000 148628997.97773445
350965.42493622 6935225.74099788 150.99560105 64.10329122 1.39546827 1.68793458 1.22074871 18.00000000 1.00000000 20.00000000 148628996.99820378
350654.50859479 6935285.57135487 158.44575331 16.14388535 1.55261208 1.90089782 1.08924347 18.00000000 1.00000000 20.00000000 148628990.12300822
351986.67400620 6935348.70299367 157.02157929 81.68749208 1.60930786 1.15003698 1.41761563 18.00000000 1.00000000 20.00000000 148628984.42160404
350098.73044561 6935216.31859307 154.23863099 24.82373587 1.84629004 1.51141590 1.92773361 18.00000000 1.00000000 20.00000000 148628982.52161816
351831.05420468 6935294.89532675 159.28065701 138.48965431 1.57524193 1.54607359 1.42662309 18.00000000 1.00000000 20.00000000 148628996.60942370
351786.94165117 6935139.31259644 155.84267759 145.49942344 1.47375728 1.42145002 1.07982177 18.00000000 1.00000000 20.00000000 148628962.88545200
350548.38271521 6935337.66129690 154.91145403 49.52145438 1.07443849 1.59235844 1.53457579 18.00000000 1.00000000 20.00000000 148628964.60870448
351760.98711538 6935082.87612631 155.30136108 94.20894890 1.73219960 1.93490362 1.47982210 18.00000000 1.00000000 20.00000000 148628990.38012132
350545.67921681 6935446.36450234 151.04862591 144.25889651 1.63113124 1.40731162 1.67879538 18.00000000 1.00000000 20.00000000 148628995.22684044
351142.97580997 6935484.71497117 155.82546521 26.00720272 1.56720828 1.37325769 1.44035974 18.00000000 1.00000000 20.00000000 148628974.20339108
351518.52840119 6935443.46434235 150.87970060 52.63210267 1.51559915 1.14906199 1.90311804 18.00000000 1.00000000 20.00000000 148628993.34865287
350058.51531199 6935027.98376581 158.95927008 116.80882359 1.78619997 1.59776984 1.28830082 18.00000000 1.00000000 20.00000000 148628995.23826128
351015.47741684 6935441.14729919 151.67473073 73.37906160 1.61281966 1.56917684 1.76833362 18.00000000 1.00000000 20.00000000 148628979.85096982
351903.84417564 6935401.78275849 159.28448424 131.75650142 1.72086908 1.19439261 1.33123437 18.00000000 1.00000000 20.00000000 148628987.90802649
351736.62273257 6935330.09692669 151.90473177 107.45717629 1.49452670 1.29176146 1.67366207 18.00000000 1.00000000 20.00000000 148628993.18521357
350688.67173058 6935169.51208710 159.82451422 93.45755307 1.17738988 1.45183020 1.94823264 18.00000000 1.00000000 20.00000000 148628969.14880878
351094.16794528 6935444.88156350 156.95066207 107.56228272 1.41465356 1.76188896 1.00603095 18.00000000 1.00000000 20.00000000 148628975.62597546
350717.91031332 6935289.44395126 153.07111961 91.65290762 1.60914364 1.99245728 1.27270610 18.00000000 1.00000000 20.00000000 148628961.79259747
350120.29052500 6935252.55236171 154.84938918 22.17205549 1.45594513 1.38247828 1.33905500 18.00000000 1.00000000 20.00000000 148628962.63370055
350312.59993275 6935171.41071229 155.74984618 146.21286404 1.31464869 1.37759565 1.58728028 18.00000000 1.00000000 20.00000000 148628979.54999891
351814.55877777 6935379.23796057 154.93889140 77.54722372 1.38770474 1.77775757 1.16418392 18.00000000 1.00000000 20.00000000 148628991.61432499
351041.83534584 6935209.56333802 150.28555405 130.05948714 1.39228252 1.50757195 1.29731251 18.00000000 1.00000000 20.00000000 148628999.29902455
351455.51128297 6935076.60696008 152.08987633 13.67051641 1.64169741 1.25621269 1.15260342 18.00000000 1.00000000 20.00000000 148628986.44962937
350665.41810106 6935124.16455416 153.65158429 19.73502877 1.55865132 1.88781292 1.90264902 18.00000000 1.00000000 20.00000000 148628967.64095664
350440.29756776 6935222.24956202 151.99318097 48.65823557 1.29690034 1.61573756 1.29607510 18.00000000 1.00000000 20.00000000 148628974.94583905
351236.33781698 6935352.98600413 159.37425256 58.00787927 1.74567832 1.02227316 1.74109987 18.00000000 1.00000000 20.00000000 148628977.89144546
350523.32752358 6935217.18723989 158.47001705 59.55611732 1.57624425 1.38178812 1.17387097 18.00000000 1.00000000 20.00000000 148628999.03049931
351846.53841922 6935040.40656070 154.24145826 73.09316246 1.93351347 1.63037854 1.93957610 18.00000000 1.00000000 20.00000000 148628976.21703106
351670.63023435 6935289.29456456 157.46856153 133.76498591 1.88388148 1.59493502 1.01684210 18.00000000 1.00000000 20.00000000 148628968.62097758
350757.13947306 6935094.40862230 153.64659092 118.20602306 1.66529260 1.85769832 1.91803179 18.00000000 1.00000000 20.00000000 148628978.85075504
351078.36795980 6935081.62311544 156.14791066 146.49748844 1.93111448 1.52953311 1.03402485 18.00000000 1.00000000 20.00000000 148628997.80661345
351911.50795584 6935221.83071728 154.56582879 75.91607699 1.77836124 1.10474990 1.80309529 18.00000000 1.00000000 20.00000000 148628968.03994143
351927.46254790 6935317.50922249 155.06019077 52.70241244 1.12489074 1.71493172 1.38121345 18.00000000 1.00000000 20.00000000 148628962.59372556
350490.43207773 6935254.70375569 159.65225708 112.83449802 1.79318171 1.20597858 1.07066722 18.00000000 1.00000000 20.00000000 148628979.69681713
350963.20923892 6935466.49674150 151.44170803 18.79850188 1.27815817 1.99934722 1.01230035 18.00000000 1.00000000 20.00000000 148628995.07942832
351852.67480412 6935470.30027068 153.06235662 131.73187313 1.72434329 1.62909888 1.57397201 18.00000000 1.00000000 20.00000000 148628999.39019385
350457.47819875 6935002.20464456 150.34069032 96.72571203 1.47698572 1.57273613 1.57877354 18.00000000 1.00000000 20.00000000 148628999.99392334
350151.05602419 6935108.85048013 152.54573181 53.82026730 1.39242803 1.61495903 1.09957807 18.00000000 1.00000000 20.00000000 148628978.28115031
351382.70515706 6935025.80637529 152.42354863 42.71879116 1.82062612 1.64706951 1.12417815 18.00000000 1.00000000 20.00000000 148628999.72378677
351376.48254438 6935354.13647633 153.11035747 83.81161428 1.12067426 1.23351438 1.98883478 18.00000000 1.00000000 20.00000000 148628960.28801081
350324.25546458 6935227.79772429 154.51908055 71.05461286 1.27978752 1.59251943 1.07945532 18.00000000 1.00000000 20.00000000 148628972.87717280
350984.06030262 6935338.49666745 156.73246587 112.82444737 1.12765176 1.32760085 1.26152024 18.00000000 1.00000000 20.00000000 148628967.54943317
350776.38859801 6935407.84368950 153.42548288 43.05535879 1.09101121 1.59307304 1.06173562 18.00000000 1.00000000 20.00000000 148628987.66107994
350183.12608230 6935330.77737095 157.92800663 74.26172131 1.37765981 1.41029754 1.74943888 18.00000000 1.00000000 20.00000000 148628985.64273083
351839.22129470 6935045.38215466 155.35651531 30.00332580 1.47641462 1.19746014 1.16769080 18.00000000 1.00000000 20.00000000 148628994.59970212
350642.48854946 6935046.68684634 159.84836937 41.92138898 1.89408349 1.06612288 1.35713858 18.00000000 1.00000000 20.00000000 148628999.16658470
350547.72150190 6935180.15250684 150.84474707 86.57286341 1.78997495 1.19195408 1.19733484 18.00000000 1.00000000 20.00000000 148628971.55608144
350374.43108198 6935001.85985393 152.87804479 74.39678938 1.80703822 1.85807719 1.16735663 18.00000000 1.00000000 20.00000000 148628990.20177770
351428.70454255 6935383.50735077 152.43874591 149.71000910 1.88400387 1.35478071 1.85916987 18.00000000 1.00000000 20.00000000 148628974.14955026
351012.22251670 6935406.87562301 158.18960517 142.49707553 1.66221519 1.65364396 1.65919346 18.00000000 1.00000000 20.00000000 148628996.91571385
351922.20879373 6935252.49003733 150.32359123 111.65419039 1.19168621 1.66173062 1.75458654 18.00000000 1.00000000 20.00000000 148628969.50819853
351445.31585042 6935428.58446029 156.01060512 39.13590587 1.95937779 1.42310353 1.49178374 18.00000000 1.00000000 20.00000000 148628986.22936863
351650.83827764 6935241.94724973 151.15481205 106.18851181 1.03664770 1.42810442 1.70043496 18.00000000 1.00000000 20.00000000 148628966.57133842
350507.35902739 6935096.70363835 155.06065331 17.87752469 1.12846557 1.12348531 1.69531573 18.00000000 1.00000000 20.00000000 148628964.86950973
351209.08055322 6935376.53174319 152.17061209 100.42417026 1.22931947 1.88017244 1.97399459 18.00000000 1.00000000 20.00000000 148628985.83206713
351521.17557302 6935140.68613933 156.11509886 139.00587410 1.79979901 1.54353252 1.18685874 18.00000000 1.00000000 20.00000000 148628964.03878126
350031.33563404 6935073.02707021 154.81679227 88.70271397 1.92181750 1.91319237 1.35729107 18.00000000 1.00000000 20.00000000 148628994.26765916
351000.87461224 6935031.33418764 150.11025896 106.89031465 1.34701409 1.41234569 1.46781291 18.00000000 1.00000000 20.00000000 148628990.67588016
350584.34016607 6935301.76518686 151.24655534 118.05611806 1.04024919 1.72822380 1.85611720 18.00000000 1.00000000 20.00000000 148628997.23832139
351012.91915528 6935002.30871006 157.33854103 122.49735958 1.25622817 1.71806879 1.87090297 18.00000000 1.00000000 20.00000000 148628998.49823102
351043.73466533 6935339.71506417 157.06045459 51.20520329 1.60478076 1.22442883 1.96857328 18.00000000 1.00000000 20.00000000 148628997.02007300
350495.53755465 6935499.58331665 155.95520216 79.94557963 1.10868012 1.47062393 1.06040879 18.00000000 1.00000000 20.00000000 148628981.44443795
350257.69515290 6935323.56548130 158.22826313 149.78214317 1.73358143 1.07833258 1.27085575 18.00000000 1.00000000 20.00000000 148628969.87670925
351112.03105101 6935218.29434647 153.63008358 108.66586459 1.19552741 1.30148616 1.39334209 18.00000000 1.00000000 20.00000000 148628965.38118726
350843.59038908 6935166.76888459 153.48765857 97.10412660 1.39839027 1.91261579 1.06576646 18.00000000 1.00000000 20.00000000 148628982.26209557
351055.65018506 6935219.00624794 159.69046647 95.39461615 1.45847753 1.80249700 1.29748652 18.00000000 1.00000000 20.00000000 148628969.88851595
351451.50522115 6935221.42348158 159.51104794 43.28502701 1.73648276 1.43456591 1.57724521 18.00000000 1.00000000 20.00000000 148628990.32974029
350426.57657607 6935084.68367764 151.65054415 18.26189986 1.93118268 1.08727886 1.52027176 18.00000000 1.00000000 20.00000000 148628968.26804510
350361.26401239 6935324.50284449 154.02482034 64.51814710 1.75060975 1.41911160 1.82251180 18.00000000 1.00000000 20.00000000 148628977.12935334
350965.07332305 6935092.48922835 157.78061888 94.20890628 1.16012775 1.28931836 1.85498431 18.00000000 1.00000000 20.00000000 148628962.77506390
351233.63663954 6935281.66746627 155.74509667 11.11218648 1.33898553 1.38624470 1.38759600 18.00000000 1.00000000 20.00000000 148628962.30407664
351183.09515261 6935269.41576607 159.03295533 58.76068589 1.46694445 1.57435618 1.63962485 18.00000000 1.00000000 20.00000000 148628974.90618750
350240.58963813 6935482.19167911 159.19648599 54.95456554 1.20041975 1.83974295 1.87284716 18.00000000 1.00000000 20.00000000 148628961.18912050
350850.37283495 6935286.91519971 150.93625107 36.77990700 1.89629066 1.35094774 1.56929565 18.00000000 1.00000000 20.00000000 148628995.68593958
350001.60164502 6935252.59491522 151.21947598 65.14353085 1.26364311 1.78824653 1.56791145 18.00000000 1.00000000 20.00000000 148628976.14480242
351475.09709071 6935287.42774246 159.31184703 15.02145674 1.96385096 1.92703119 1.77976962 18.00000000 1.00000000 20.00000000 148628996.15491974
350576.14382753 6935128.41359265 150.16687433 91.97205306 1.65338329 1.19785123 1.78306245 18.00000000 1.00000000 20.00000000 148628981.25630566
351817.65777514 6935231.37934818 150.94260499 15.34153292 1.77084127 1.26788917 1.47308048 18.00000000 1.00000000 20.00000000 148628984.70666301
351919.03578913 6935039.24867477 152.87155008 131.58299987 1.17074821 1.83432623 1.96053452 18.00000000 1.00000000 20.00000000 148628960.22943306
351704.99971414 6935172.13633102 152.70234546 69.09223716 1.90775208 1.27054483 1.91610443 18.00000000 1.00000000 20.00000000 148628998.47965106
351488.47014973 6935057.23127617 153.34359247 38.28774711 1.58970661 1.72123137 1.51549065 18.00000000 1.00000000 20.00000000 148628966.07981986
351656.93673133 6935484.46638072 158.05637786 12.84073539 1.87260146 1.51410125 1.19753563 18.00000000 1.00000000 20.00000000 148628983.30873713
350613.23263198 6935171.81525209 153.11784299 52.14307304 1.03955536 1.50408000 1.36000865 18.00000000 1.00000000 20.00000000 148628988.79225731
351186.52641160 6935360.46995111 155.92077301 121.43709340 1.05767180 1.53636480 1.06826007 18.00000000 1.00000000 20.00000000 148628998.66747224
350792.42404465 6935194.26681714 155.85489309 138.83393977 1.72058291 1.57000591 1.52805263 18.00000000 1.00000000 20.00000000 148628968.66047996
350460.55050515 6935062.12878264 154.14706101 94.90221697 1.84315302 1.16390199 1.17728537 18.00000000 1.00000000 20.00000000 148628971.30092847
350439.66638224 6935417.41304391 151.72296371 147.98912382 1.68985325 1.08985538 1.45577028 18.00000000 1.00000000 20.00000000 148628991.08696088
350953.05626839 6935204.54818318 155.83288926 45.29122323 1.25375942 1.11716033 1.22917562 18.00000000 1.00000000 20.00000000 148628968.04472110
351644.64418900 6935470.64827640 152.78163694 47.54949756 1.23310901 1.04531073 1.76801650 18.00000000 1.00000000 20.00000000 148628966.87172586
351601.37348396 6935450.06753820 152.39871868 115.97672621 1.39405875 1.70388161 1.18754195 18.00000000 1.00000000 20.00000000 148628985.62409323
350330.75026303 6935426.89808987 153.99985535 66.46371178 1.73670446 1.15388978 1.66138197 18.00000000 1.00000000 20.00000000 148628988.25176862
351656.87947712 6935037.96003063 151.56404473 21.46385369 1.88059156 1.47347822 1.40085691 18.00000000 1.00000000 20.00000000 148628971.73052555
350416.51982423 6935127.40009417 155.86969608 34.60929017 1.58185939 1.55177626 1.11498139 18.00000000 1.00000000 20.00000000 148628968.97340751
351453.84286338 6935491.34968210 151.15798440 60.36456450 1.54174835 1.25400363 1.92627068 18.00000000 1.00000000 20.00000000 148628974.96856096
351942.69801103 6935213.50814715 150.71895243 30.77643542 1.32996626 1.13507005 1.63321343 18.00000000 1.00000000 20.00000000 148628994.55951920
351038.18575692 6935006.39081243 152.13562168 109.12558737 1.02906326 1.38158675 1.37032563 18.00000000 1.00000000 20.00000000 148628971.60693732
350081.03556282 6935057.68768190 155.04589196 35.28252885 1.00796602 1.25833853 1.36292915 18.00000000 1.00000000 20.00000000 148628973.06990632
350851.86176574 6935249.71136553 153.89262545 119.15961640 1.75500647 1.65894450 1.30260344 18.00000000 1.00000000 20.00000000 148628967.08799097
351508.65708850 6935161.62776755 151.01062604 113.47517080 1.58571653 1.15714218 1.50569510 18.00000000 1.00000000 20.00000000 148628977.69632778
350970.41003180 6935483.73536610 154.64290702 12.11928117 1.47125390 1.84831102 1.70541288 18.00000000 1.00000000 20.00000000 148628976.07927805
350423.68551357 6935454.13985909 153.17482565 64.91784875 1.02368755 1.49440527 1.78965609 18.00000000 1.00000000 20.00000000 148628989.72805193
350355.88167618 6935419.52817479 154.11323850 55.89574716 1.08472100 1.89055137 1.27697749 18.00000000 1.00000000 20.00000000 148628991.82012743
351987.19203879 6935354.97297524 150.69916019 84.30621039 1.48455870 1.60716354 1.29163888 18.00000000 1.00000000 20.00000000 148628999.13948959
350172.59339447 6935138.88575957 156.53302304 78.95106755 1.74866257 1.41594067 1.87798588 18.00000000 1.00000000 20.00000000 148628997.44571754
350771.33103980 6935385.62538886 159.46410883 31.66643920 1.90645397 1.79495856 1.87353287 18.00000000 1.00000000 20.00000000 148628999.23608688
350914.20436821 6935024.86801948 153.52639747 130.79287939 1.20286134 1.32266550 1.09835122 18.00000000 1.00000000 20.00000000 148628961.11024714
351995.69368801 6935281.89152849 155.84922066 128.27926449 1.13829917 1.85148448 1.04003942 18.00000000 1.00000000 20.00000000 148628973.98885998
350029.12183645 6935488.37244692 158.76316709 34.19773050 1.76278344 1.08421420 1.42480679 18.00000000 1.00000000 20.00000000 148628970.26297057
350110.94444710 6935238.72224303 158.80492706 16.59782738 1.20332000 1.83078682 1.86243160 18.00000000 1.00000000 20.00000000 148628986.17510155
350550.80732721 6935487.41845200 150.00024602 45.58359318 1.11592948 1.51010217 1.27236674 18.00000000 1.00000000 20.00000000 148628980.51306576
350106.05591029 6935454.83578211 153.02521548 134.37220128 1.51381244 1.78133391 1.00678386 18.00000000 1.00000000 20.00000000 148628986.80810249
350535.82114113 6935395.86756643 159.31926389 128.86289995 1.10389323 1.00385663 1.61838127 18.00000000 1.00000000 20.00000000 148628971.47572678
351752.60793412 6935413.21360856 155.02597200 24.46233743 1.26296152 1.44360310 1.42362939 18.00000000 1.00000000 20.00000000 148628995.30140296
351933.75824712 6935163.16247038 151.39737976 143.05356644 1.24628506 1.53498635 1.32758375 18.00000000 1.00000000 20.00000000 148628977.59809056
351745.55950244 6935148.21060865 158.67728008 66.06659818 1.19904665 1.39752914 1.11497882 18.00000000 1.00000000 20.00000000 148628998.68166599
351686.59761083 6935410.28745980 154.39130866 18.28579268 1.45328340 1.61034443 1.21441948 18.00000000 1.00000000 20.00000000 148628997.81108615
351695.41075301 6935253.25641631 156.00926279 112.37384428 1.80921230 1.66232964 1.97022483 18.00000000 1.00000000 20.00000000 148628968.73191616
350176.81786942 6935138.92182212 158.11992610 145.03688990 1.59464837 1.94204848 1.36406996 18.00000000 1.00000000 20.00000000 148628968.88118550
350647.95295666 6935221.14087240 157.04793049 139.11282694 1.30096088 1.22394783 1.27962570 18.00000000 1.00000000 20.00000000 148628976.18088946
351496.14385727 6935129.57847940 159.72505735 132.16737654 1.84019875 1.90575776 1.73995794 18.00000000 1.00000000 20.00000000 148628991.82538241
351097.37141645 6935337.19426705 151.70998166 126.94538789 1.58166187 1.72128564 1.13001991 18.00000000 1.00000000 20.00000000 148628990.83977434
350560.82913825 6935128.90243822 159.75266997 98.15953022 1.44365786 1.14634396 1.62431807 18.00000000 1.00000000 20.00000000 148628960.62004837
350979.09735605 6935405.85293211 150.34243451 128.24940524 1.24702937 1.29530689 1.53106997 18.00000000 1.00000000 20.00000000 148628969.44056046
351647.32731942 6935014.02471124 153.37555399 74.90289197 1.36402001 1.14334449 1.64091812 18.00000000 1.00000000 20.00000000 148628993.41319036
351443.22272293 6935200.49258416 153.58191237 126.85894460 1.92732690 1.90547577 1.67070467 18.00000000 1.00000000 20.00000000 148628970.44621655
350699.58610193 6935358.33545506 158.45918932 20.53479029 1.04900463 1.91859806 1.38415265 18.00000000 1.00000000 20.00000000 148628987.30899078
350619.40545639 6935294.89626190 158.35807519 94.96586345 1.81861907 1.03383183 1.78021050 18.00000000 1.00000000 20.00000000 148628982.21191791
350115.67805669 6935011.80716799 158.95517164 38.80902052 1.83213073 1.73397820 1.27677872 18.00000000 1.00000000 20.00000000 148628965.40123186
350311.25808203 6935465.81992483 158.99735178 110.59793985 1.05496543 1.52841132 1.98658065 18.00000000 1.00000000 20.00000000 148628973.46333876
350291.04174644 6935101.52458929 153.98540535 42.84102108 1.74238898 1.76613986 1.87069712 18.00000000 1.00000000 20.00000000 148628967.70726520
350817.60290450 6935020.68687650 158.01424118 123.96152317 1.15841493 1.51105396 1.51960231 18.00000000 1.00000000 20.00000000 148628968.45170400
350936.49362484 6935132.16671237 157.52460634 27.21414890 1.74935641 1.41541128 1.92672592 18.00000000 1.00000000 20.00000000 148628999.43420833
350087.04539542 6935382.09546125 155.22341456 148.42195551 1.65795622 1.13194050 1.20675672 18.00000000 1.00000000 20.00000000 148628988.61927149
350116.45670045 6935015.39026134 157.19826255 148.94540859 1.96492331 1.33533724 1.83762493 18.00000000 1.00000000 20.00000000 148628988.14640987
351685.84446065 6935027.47094427 158.61364228 92.98250146 1.78081379 1.13048324 1.35774971 18.00000000 1.00000000 20.00000000 148628975.55274945
350961.02928146 6935129.53812047 153.39315644 37.33218950 1.32191384 1.61748395 1.14692386 18.00000000 1.00000000 20.00000000 148628991.51342851
351734.49500586 6935415.16196256 150.79956531 39.38302719 1.62022877 1.58019300 1.91346108 18.00000000 1.00000000 20.00000000 148628992.79285356
351817.54137796 6935416.91189281 152.80439330 87.30009480 1.89658241 1.87941947 1.27898745 18.00000000 1.00000000 20.00000000 148628977.21737090
350923.73267125 6935452.53995635 156.77219038 115.66014253 1.31023285 1.40428756 1.32837759 18.00000000 1.00000000 20.00000000 148628996.63240460
351163.51197118 6935075.93287608 151.98415960 29.30429193 1.28814893 1.70882069 1.80626028 18.00000000 1.00000000 20.00000000 148628963.83812064
350340.10486207 6935092.28820268 159.22019337 48.17294365 1.23927140 1.71744040 1.04243756 18.00000000 1.00000000 20.00000000 148628996.63523090
351465.60954225 6935231.17042306 155.03279361 27.31952188 1.21020004 1.47951963 1.73903060 18.00000000 1.00000000 20.00000000 148628995.41363978
351396.53561995 6935477.34363905 151.13543942 14.98399148 1.90515106 1.89570109 1.20361312 18.00000000 1.00000000 20.00000000 148628961.40319484
350517.87828204 6935238.16108019 151.75870134 141.80451043 1.32062328 1.51010600 1.80140976 18.00000000 1.00000000 20.00000000 148628970.93021166
351682.95129594 6935476.60719355 153.52764049 57.17045600 1.06508875 1.70263103 1.69148662 18.00000000 1.00000000 20.00000000 148628982.88645792
351779.98482646 6935136.25323612 153.04760158 126.28095284 1.37444170 1.44583873 1.00413447 18.00000000 1.00000000 20.00000000 148628981.39153370
350762.14673809 6935351.46782422 159.51754840 109.79464269 1.27807639 1.13606225 1.99871197 18.00000000 1.00000000 20.00000000 148628962.73681214
350778.50346039 6935205.04099707 152.10929575 56.67900026 1.04951629 1.27521877 1.11639874 18.00000000 1.00000000 20.00000000 148628982.81062338
351863.01410483 6935143.00576124 159.79909707 139.48806185 1.94201226 1.09771635 1.94174815 18.00000000 1.00000000 20.00000000 148628994.79356128
351203.42390475 6935057.19809136 157.43038494 41.93592082 1.64939436 1.74333824 1.35280444 18.00000000 1.00000000 20.00000000 148628963.32383853
350495.89115478 6935291.85765106 154.20777885 72.39436936 1.29603090 1.89771427 1.17219534 18.00000000 1.00000000 20.00000000 148628981.65087453
351172.22833925 6935212.09552131 156.68512080 75.51695834 1.68056033 1.09330605 1.94911886 18.00000000 1.00000000 20.00000000 148628978.96500778
350245.61734599 6935248.69926997 153.28839749 66.65449779 1.93885230 1.31351994 1.24345057 18.00000000 1.00000000 20.00000000 148628971.47342286
350491.72414005 6935389.36213934 157.06439724 141.39226178 1.78639034 1.14924570 1.22463668 18.00000000 1.00000000 20.00000000 148628971.80684033
350787.52003055 6935284.99680373 157.41433768 148.10592070 1.06003784 1.51994180 1.29840148 18.00000000 1.00000000 20.00000000 148628998.84508294
351754.36813453 6935435.53462160 156.55596412 149.92501050 1.89574825 1.57786780 1.69601647 18.00000000 1.00000000 20.00000000 148628971.14559412
351700.68289824 6935279.49189403 158.24457976 67.52356829 1.20530950 1.81187793 1.13414365 18.00000000 1.00000000 20.00000000 148628968.38188973
351313.94168170 6935416.83172237 151.15826191 31.16654589 1.94785626 1.51511780 1.64323947 18.00000000 1.00000000 20.00000000 148628984.77355641
350419.04315426 6935300.31293934 151.27927069 119.16716483 1.90807516 1.51246449 1.00515875 18.00000000 1.00000000 20.00000000 148628961.92938572
351356.98401798 6935365.16029414 156.87757937 53.08031109 1.48559132 1.69426025 1.63247469 18.00000000 1.00000000 20.00000000 148628961.40126899
350009.96893689 6935114.45224292 153.50556617 42.81272637 1.93022062 1.89816266 1.69688402 18.00000000 1.00000000 20.00000000 148628975.57338271
351296.09125007 6935003.85007398 153.28381543 22.12179474 1.72061914 1.32700324 1.25167858 18.00000000 1.00000000 20.00000000 148628975.39253566
351328.76688872 6935448.45633557 154.84637580 36.07357002 1.66601930 1.77760728 1.83958671 18.00000000 1.00000000 20.00000000 148628981.07981145
351469.91145310 6935097.14569759 151.80292211 47.13457179 1.05290046 1.32665734 1.44986784 18.00000000 1.00000000 20.00000000 148628994.52085796
351284.34323002 6935249.24938126 159.39187868 39.32267357 1.83378766 1.48637307 1.72225921 18.00000000 1.00000000 20.00000000 148628999.86569339
350617.10324298 6935198.04810437 156.88530230 77.86740086 1.41013443 1.08483653 1.51807429 18.00000000 1.00000000 20.00000000 148628987.54147848
350001.23896341 6935377.44056898 150.95129746 132.82964448 1.51201439 1.99468521 1.52809499 18.00000000 1.00000000 20.00000000 148628997.73783273
351874.72956899 6935455.18279824 150.52309179 140.89968583 1.57093666 1.68428321 1.92053498 18.00000000 1.00000000 20.00000000 148628982.32271963
351587.47412336 6935126.36750059 152.98797573 107.45071824 1.40226264 1.65574078 1.51141378 18.00000000 1.00000000 20.00000000 148628974.81145111
351926.82621249 6935266.72107040 156.41599002 49.44073317 1.81981799 1.94408345 1.50863995 18.00000000 1.00000000 20.00000000 148628981.79714373
350968.76689526 6935043.91531276 151.10354979 108.46768916 1.01034090 1.66419678 1.95563139 18.00000000 1.00000000 20.00000000 148628962.84253839
350124.94844987 6935347.67820916 150.53275810 79.70684619 1.49607993 1.50924984 1.23948074 18.00000000 1.00000000 20.00000000 148628987.87390956
350428.24274737 6935338.95856579 159.51790617 99.99384954 1.78143264 1.30000066 1.08167625 18.00000000 1.00000000 20.00000000 148628990.28019637
350923.72890301 6935496.93851930 153.76222965 23.84430073 1.84099874 1.88934899 1.76542884 18.00000000 1.00000000 20.00000000 148628961.22517273
350607.38768604 6935310.95213303 159.62674633 30.04743896 1.60346502 1.52757228 1.28770896 18.00000000 1.00000000 20.00000000 148628978.05678195
351811.66436045 6935360.50734282 159.93230707 123.66205542 1.07329372 1.39273484 1.90352191 18.00000000 1.00000000 20.00000000 148628991.77357677
351963.68901715 6935315.49935547 153.57890914 16.00267192 1.19169964 1.39236885 1.84655355 18.00000000 1.00000000 20.00000000 148628995.10135874
351059.78849228 6935363.11602797 151.89673406 37.51404040 1.47280110 1.24234855 1.25727416 18.00000000 1.00000000 20.00000000 148628976.99438024
350578.72014689 6935231.91780732 158.80345564 13.10389129 1.22758674 1.81422275 1.24860675 18.00000000 1.00000000 20.00000000 148628983.19965726
350143.38779855 6935357.22424829 150.77523515 70.35441474 1.97064573 1.32272459 1.58038805 18.00000000 1.00000000 20.00000000 148628963.89257783
351133.58542566 6935371.30282519 150.27888677 20.83389588 1.64993189 1.03865998 1.32466822 18.00000000 1.00000000 20.00000000 148628992.76707071
350076.36585443 6935369.61006154 157.09628219 140.19938959 1.56083450 1.60306141 1.94245133 18.00000000 1.00000000 20.00000000 148628976.94343796
351568.53090260 6935346.45650592 150.31486033 102.32746139 1.00542314 1.29552562 1.03302283 18.00000000 1.00000000 20.00000000 148628988.75542223
351230.99962672 6935135.88922417 158.52263137 36.32341637 1.12271821 1.53044452 1.15786129 18.00000000 1.00000000 20.00000000 148628964.67781764
351854.29164861 6935133.67184848 152.44534839 139.48406635 1.70532199 1.26025317 1.70195983 18.00000000 1.00000000 20.00000000 148628969.74835074
350192.27571978 6935099.56794000 150.87472982 37.19492745 1.83376552 1.56678841 1.92619787 18.00000000 1.00000000 20.00000000 148628960.85280326
351580.45935193 6935492.96984717 151.57128625 105.41316238 1.72765309 1.57766158 1.99742871 18.00000000 1.00000000 20.00000000 148628984.47516236
351559.41467606 6935314.86089973 154.13824626 22.01017406 1.46421633 1.39968115 1.78217019 18.00000000 1.00000000 20.00000000 148628997.30454594
351594.73023150 6935492.88660432 151.11130354 52.05835194 1.59907394 1.54550404 1.87353251 18.00000000 1.00000000 20.00000000 148628990.40490052
351151.19533543 6935041.22478153 157.18397010 21.25727924 1.62386306 1.21005316 1.96597334 18.00000000 1.00000000 20.00000000 148628987.43933931
350476.34419565 6935389.67590128 159.40255840 45.81161550 1.13469902 1.11172567 1.18512752 18.00000000 1.00000000 20.00000000 148628963.55838174
350384.07836825 6935095.91944702 154.08398367 60.66301960 1.65875861 1.28789173 1.69918202 18.00000000 1.00000000 20.00000000 148628970.10422766
351401.86918315 6935425.34456505 150.58534980 86.25362265 1.45886919 1.92958338 1.98139248 18.00000000 1.00000000 20.00000000 148628993.14979431
350264.09724600 6935103.35406311 153.85379192 32.30985240 1.72200692 1.50479584 1.24479123 18.00000000 1.00000000 20.00000000 148628984.65095586
350050.53063734 6935494.18281252 158.60855355 91.79042314 1.69778776 1.52599361 1.54371403 18.00000000 1.00000000 20.00000000 148628976.20327505
350978.98271905 6935499.60022039 158.39211824 70.73049260 1.79210649 1.66304610 1.91386623 18.00000000 1.00000000 20.00000000 148628971.92084333
351825.05559961 6935315.98154341 151.35742064 143.94592931 1.23455400 1.21784930 1.46763093 18.00000000 1.00000000 20.00000000 148628978.04605371
350748.40101651 6935308.54941791 157.14251319 112.53935876 1.06488918 1.90158391 1.73350746 18.00000000 1.00000000 20.00000000 148628974.90998793
351014.45129506 6935412.92917961 155.60196540 102.32920603 1.64693265 1.11829865 1.68096429 18.00000000 1.00000000 20.00000000 148628985.03493804
350949.06332873 6935306.45197176 155.79814341 51.56831499 1.80990318 1.44118298 1.63598656 18.00000000 1.00000000 20.00000000 148628999.59784389
350439.16652731 6935142.23172968 159.87358391 15.04404072 1.36058892 1.07550754 1.24961581 18.00000000 1.00000000 20.00000000 148628992.77740595
350322.76634061 6935285.25089738 156.26023789 73.05858463 1.70709287 1.73631865 1.42729094 18.00000000 1.00000000 20.00000000 148628961.18750343
350987.22603291 6935250.42104160 156.77349288 27.08059776 1.34948069 1.69180551 1.40918905 18.00000000 1.00000000 20.00000000 148628991.91874921
351085.45818982 6935124.05818205 158.69307361 82.00898508 1.30803708 1.52336470 1.86634413 18.00000000 1.00000000 20.00000000 148628967.64813095
350037.40684626 6935122.43331753 155.32356902 22.27957169 1.21806527 1.27312855 1.31825719 18.00000000 1.00000000 20.00000000 148628980.01855955
351425.13731571 6935350.58679580 159.01764801 73.58404918 1.11386082 1.25570583 1.64839461 18.00000000 1.00000000 20.00000000 148628983.45631874
351479.11826393 6935151.01869754 150.53970240 47.90444893 1.63091162 1.31708674 1.07089102 18.00000000 1.00000000 20.00000000 148628984.84600937
350135.56979477 6935462.11318829 150.28004226 131.78533221 1.15264963 1.66771848 1.13288231 18.00000000 1.00000000 20.00000000 148628966.56935841
351942.77005594 6935313.08794207 158.42976006 86.73452048 1.69766278 1.98617887 1.94686979 18.00000000 1.00000000 20.00000000 148628973.33768857
350740.86857787 6935110.40215177 150.42892271 114.40100927 1.48008691 1.95559718 1.24690653 18.00000000 1.00000000 20.00000000 148628969.06984186
351933.79258365 6935244.17059957 156.06484002 75.93534140 1.44144313 1.15198701 1.32590098 18.00000000 1.00000000 20.00000000 148628983.00630757
351764.42298224 6935312.40142913 155.60977827 123.53417950 1.58888038 1.55515053 1.67597432 18.00000000 1.00000000 20.00000000 148628975.86279026
350711.94104888 6935111.69390945 153.98486086 85.75076469 1.17678767 1.57144402 1.80830335 18.00000000 1.00000000 20.00000000 148628969.07214832
351423.27230681 6935136.31181478 153.01412679 61.59446114 1.28657281 1.46664931 1.69444709 18.00000000 1.00000000 20.00000000 148628987.10167140
350979.79845011 6935471.14886571 155.92971322 14.25846308 1.71248899 1.37101303 1.86959191 18.00000000 1.00000000 20.00000000 148628989.56097132
350775.12298071 6935411.54588680 159.68113702 75.08750887 1.37053352 1.19361184 1.67220024 18.00000000 1.00000000 20.00000000 148628998.25416940
351232.08881738 6935458.85851499 152.57305785 94.36364597 1.66412428 1.14300414 1.22486821 18.00000000 1.00000000 20.00000000 148628966.59279847
351819.02873263 6935018.42298854 150.51706629 120.65454922 1.87251218 1.59316804 1.83974238 18.00000000 1.00000000 20.00000000 148628969.47826859
350898.99907251 6935229.94321921 155.34232630 24.69994587 1.04102532 1.15049030 1.09654000 18.00000000 1.00000000 20.00000000 148628982.01363742
350410.25796486 6935378.48161664 153.57557095 32.96879254 1.03581700 1.03328385 1.83699716 18.00000000 1.00000000 20.00000000 148628976.46385720
350197.11063294 6935221.13958952 159.14439929 103.56531722 1.53639609 1.50105519 1.41258704 18.00000000 1.00000000 20.00000000 148628999.63356715
350673.49153038 6935476.84331079 153.86961752 107.26564195 1.05877633 1.14653990 1.05435748 18.00000000 1.00000000 20.00000000 148628968.08238170
351061.63054130 6935218.41964608 152.75704208 42.68292123 1.37970330 1.34987961 1.16600036 18.00000000 1.00000000 20.00000000 148628989.00566256
351133.94515879 6935266.45687190 156.99790761 131.56944019 1.40942528 1.32759818 1.73604031 18.00000000 1.00000000 20.00000000 148628985.97632596
350869.36469449 6935344.92544039 159.75591129 137.60897939 1.08120563 1.84562949 1.45753091 18.00000000 1.00000000 20.00000000 148628982.44287434
350341.90273303 6935138.83028316 158.44875810 119.76100690 1.02659769 1.77796269 1.60862558 18.00000000 1.00000000 20.00000000 148628984.77742666
350417.04362978 6935318.96889053 152.37199559 79.33163425 1.37552580 1.50057473 1.07164739 18.00000000 1.00000000 20.00000000 148628965.00861526
350151.24280651 6935426.27883071 159.65227491 126.17346556 1.51468392 1.34415316 1.83838405 18.00000000 1.00000000 20.00000000 148628997.35392433
350843.23012050 6935294.89697794 151.35733166 42.77000560 1.23891691 1.19326532 1.81908583 18.00000000 1.00000000 20.00000000 148628987.59520030
351267.91334915 6935473.78600736 159.84823583 81.53492124 1.44186143 1.72157771 1.38130396 18.00000000 1.00000000 20.00000000 148628963.10732114
351432.41362384 6935403.23953063 155.10510599 28.46155028 1.18662170 1.58880395 1.06892871 18.00000000 1.00000000 20.00000000 148628998.31273264
351689.82583030 6935432.69424749 159.55047397 15.94555168 1.58483962 1.88995538 1.27806988 18.00000000 1.00000000 20.00000000 148628995.80056584
350139.03743488 6935416.67346540 153.74553765 138.60772010 1.32718568 1.85489770 1.34615933 18.00000000 1.00000000 20.00000000 148628980.03166577
351999.64469771 6935218.01585429 155.04455577 44.75696619 1.79145803 1.77302272 1.43639778 18.00000000 1.00000000 20.00000000 148628964.84430033
351055.54931816 6935077.87106339 153.31819085 63.91696757 1.08388901 1.73007673 1.52118616 18.00000000 1.00000000 20.00000000 148628962.55434445
350845.95326963 6935334.22098769 158.84392991 130.75041314 1.32108328 1.22552775 1.40434222 18.00000000 1.00000000 20.00000000 148628988.53175753
350969.36311065 6935067.03692233 159.97925706 32.84829270 1.73399656 1.19084858 1.50021794 18.00000000 1.00000000 20.00000000 148628990.00711751
350636.27421567 6935067.97959041 155.95242414 79.43142629 1.41941713 1.69721960 1.46276117 18.00000000 1.00000000 20.00000000 148628976.09219685
351350.77823544 6935420.27863224 158.60148103 81.90591192 1.82256907 1.23477985 1.19814348 18.00000000 1.00000000 20.00000000 148628960.16123763
351986.56467265 6935198.95004790 153.59050692 123.25067942 1.54501970 1.82451750 1.95521610 18.00000000 1.00000000 20.00000000 148628974.99556261
351823.05338367 6935094.00144299 159.14369449 87.44379443 1.62590536 1.04628449 1.22893411 18.00000000 1.00000000 20.00000000 148628978.10928440
351335.09928031 6935458.09807931 159.03435692 46.31860968 1.12157155 1.57910072 1.22381696 18.00000000 1.00000000 20.00000000 148628970.59281644
350209.80294545 6935104.38278420 153.85139385 98.14670330 1.58862040 1.80661324 1.24490693 18.00000000 1.00000000 20.00000000 148628997.10256827
351277.73728100 6935019.68737739 154.82638194 124.48515800 1.34032903 1.74069803 1.60096885 18.00000000 1.00000000 20.00000000 148628971.59044310
351108.76287205 6935339.07411879 157.67182496 114.79845435 1.96663544 1.17994737 1.93834716 18.00000000 1.00000000 20.00000000 148628985.71007788
350246.96391005 6935259.17731491 150.66125568 108.73841738 1.93075584 1.92387770 1.99492377 18.00000000 1.00000000 20.00000000 148628968.40959704
350091.77291300 6935485.55065662 159.14257483 52.55352954 1.24311889 1.65464160 1.57108352 18.00000000 1.00000000 20.00000000 148628992.05727696
350579.71704746 6935230.12563088 150.42271177 114.83037703 1.51852289 1.82413208 1.14056499 18.00000000 1.00000000 20.00000000 148628964.55366030
350025.28699101 6935136.65524498 157.19011356 112.80756780 1.40435085 1.17269920 1.95938790 18.00000000 1.00000000 20.00000000 148628988.01808214
350762.10078905 6935452.06310785 152.55678933 149.94069609 1.37459629 1.17145235 1.07095158 18.00000000 1.00000000 20.00000000 148628967.06606069
351328.97369959 6935229.22032280 159.57830787 139.43654994 1.54733954 1.27451341 1.16341192 18.00000000 1.00000000 20.00000000 148628987.65851346
350586.18724846 6935111.59878893 155.83782622 61.80300717 1.24760209 1.76010102 1.38064184 18.00000000 1.00000000 20.00000000 148628972.37734631
351749.84755795 6935016.15055160 159.64223967 39.66181758 1.69196128 1.31428695 1.68843365 18.00000000 1.00000000 20.00000000 148628975.77308095
351527.63863607 6935417.62329283 150.39096626 137.97675249 1.90124217 1.36861052 1.88040599 18.00000000 1.00000000 20.00000000 148628960.27451333
351301.13997042 6935105.74276084 151.03278319 45.98049356 1.45763421 1.91598104 1.60241047 18.00000000 1.00000000 20.00000000 148628992.25556791
350000.94462082 6935058.32742225 153.50235142 148.88888605 1.98468385 1.21331229 1.91403434 18.00000000 1.00000000 20.00000000 148628995.09382233
350632.88158635 6935463.80196693 154.31420881 101.85772406 1.95383072 1.29929113 1.47081111 18.00000000 1.00000000 20.00000000 148628995.95106974
350578.06318868 6935239.49040912 155.08613262 117.43855023 1.32591244 1.01476181 1.09683579 18.00000000 1.00000000 20.00000000 148628993.84546196
350263.07341356 6935264.58507508 158.83105736 119.14971699 1.30737758 1.28964144 1.63672886 18.00000000 1.00000000 20.00000000 148628980.45990571
351259.51822875 6935382.36670137 158.66550689 148.25758497 1.89443793 1.59398588 1.97714368 18.00000000 1.00000000 20.00000000 148628966.92671409
350917.68119662 6935280.66586238 156.85649071 135.45674420 1.14909991 1.75277767 1.74924466 18.00000000 1.00000000 20.00000000 148628984.95221102
351773.49101205 6935022.07535660 158.88373081 32.26942379 1.66952638 1.14162938 1.57811204 18.00000000 1.00000000 20.00000000 148628985.10726395
351369.62207317 6935009.38009874 159.46863670 125.72664086 1.68293166 1.75429348 1.52022868 18.00000000 1.00000000 20.00000000 148628982.52436703
350651.54331184 6935129.12147626 151.70341846 130.42819496 1.19242829 1.11762338 1.32445334 18.00000000 1.00000000 20.00000000 148628967.60609263
350474.77425748 6935249.22548309 156.58485197 55.65674259 1.62488147 1.99065071 1.76630965 18.00000000 1.00000000 20.00000000 148628986.64614451
351734.57596667 6935196.75768842 152.39471267 108.25723884 1.96457777 1.33542488 1.39702027 18.00000000 1.00000000 20.00000000 148628978.27235302
351506.41623077 6935145.59948349 154.01600814 125.57669902 1.81190906 1.37795518 1.62396481 18.00000000 1.00000000 20.00000000 148628999.43152028
350930.62851608 6935345.25332030 159.48186484 33.94294487 1.01650480 1.20462352 1.42592131 18.00000000 1.00000000 20.00000000 148628994.26394188
351640.02122911 6935056.44738402 152.61350029 130.72590359 1.20539859 1.45631839 1.99671463 18.00000000 1.00000000 20.00000000 148628980.66691834
351315.96353574 6935157.74286818 157.74885051 131.40783281 1.49639551 1.06356253 1.15542269 18.00000000 1.00000000 20.00000000 148628972.53847584
350550.44926856 6935063.04255545 154.19887392 142.14277372 1.66600230 1.32090287 1.69154772 18.00000000 1.00000000 20.00000000 148628965.41909686
351753.56213934 6935379.02176516 156.64774029 12.21212635 1.59355603 1.50800380 1.51974540 18.00000000 1.00000000 20.00000000 148628983.02150369
351662.63696695 6935270.79763716 154.32800227 17.25014065 1.57952367 1.30448761 1.18215425 18.00000000 1.00000000 20.00000000 148628984.06289902
350140.51911283 6935434.04189916 159.27068280 76.14656255 1.76834455 1.25256431 1.50982968 18.00000000 1.00000000 20.00000000 148628967.61053163
350156.28861806 6935226.86001898 159.50621534 62.16960905 1.18790863 1.54352599 1.18153819 18.00000000 1.00000000 20.00000000 148628993.78925174
351574.67757457 6935219.68474871 157.62472581 105.87168732 1.34402181 1.40497335 1.78224876 18.00000000 1.00000000 20.00000000 148628977.50051755
350340.05828984 6935291.15560848 150.65638567 136.22498320 1.83119302 1.50511954 1.62214016 18.00000000 1.00000000 20.00000000 148628961.73796287
350384.66130351 6935463.98833661 157.37323360 20.26498561 1.94456796 1.82542409 1.17822997 18.00000000 1.00000000 20.00000000 148628990.73835149
350322.84861647 6935372.86295669 153.37233841 59.31527265 1.96988174 1.84649573 1.88214326 18.00000000 1.00000000 20.00000000 148628964.55229682
350465.62571153 6935455.80164023 155.47122874 20.80691462 1.54402166 1.21884367 1.94086066 18.00000000 1.00000000 20.00000000 148628995.28779405
350670.54768416 6935374.74852116 153.79722684 36.91682667 1.35753398 1.16142696 1.07508566 18.00000000 1.00000000 20.00000000 148628996.28718996
350271.90018847 6935310.51792752 151.78363381 71.24963412 1.63101894 1.63488082 1.03487070 18.00000000 1.00000000 20.00000000 148628980.80100596
351349.11610829 6935037.62865904 158.68420175 98.02052277 1.53115556 1.78320689 1.74679371 18.00000000 1.00000000 20.00000000 148628975.33699197
351820.38488831 6935317.03324172 159.92110893 58.50798186 1.91216181 1.56808560 1.57857073 18.00000000 1.00000000 20.00000000 148628964.01015356
351030.57145609 6935362.08830908 158.46159299 147.09855803 1.03727560 1.39145040 1.44190624 18.00000000 1.00000000 20.00000000 148628985.31569374
350160.77640690 6935013.28880839 153.90000615 139.17588233 1.51400869 1.36924049 1.08294693 18.00000000 1.00000000 20.00000000 148628970.18272054
351329.85714756 6935075.48575463 150.65745453 28.87430382 1.77107021 1.68601931 1.16180942 18.00000000 1.00000000 20.00000000 148628989.01501492
350200.21012638 6935155.20398542 152.50205356 117.39164470 1.53992024 1.51873114 1.38805838 18.00000000 1.00000000 20.00000000 148628984.83927169
350940.69827783 6935224.07409907 152.85711022 35.88498307 1.85929855 1.53081187 1.63483399 18.00000000 1.00000000 20.00000000 148628988.62469691
351724.14899802 6935114.53057868 153.75173914 20.14986383 1.81786462 1.83847967 1.45186622 18.00000000 1.00000000 20.00000000 148628971.30364367
350112.79863010 6935046.94010840 157.22391176 30.10729586 1.78098167 1.21799270 1.50309729 18.00000000 1.00000000 20.00000000 148628983.92572930
351514.14378027 6935110.36342240 150.66156884 24.54129534 1.67497950 1.36634590 1.60442290 18.00000000 1.00000000 20.00000000 148628972.02567354
351093.53158657 6935020.30675870 150.89646173 128.26517906 1.86593216 1.14530263 1.44260773 18.00000000 1.00000000 20.00000000 148628990.73326498
350903.61716486 6935272.37543945 151.17899171 66.65937268 1.17023931 1.37726900 1.25156315 18.00000000 1.00000000 20.00000000 148628983.58412802
351655.90969986 6935247.61235472 150.15824242 135.85293286 1.62235294 1.80404310 1.90922324 18.00000000 1.00000000 20.00000000 148628994.48861483
351093.69024222 6935149.12377396 157.15486509 50.98923947 1.54311789 1.46829423 1.50634394 18.00000000 1.00000000 20.00000000 148628995.51028395
350606.33733102 6935002.69472700 153.39624499 40.10117205 1.71071135 1.36223950 1.37393821 18.00000000 1.00000000 20.00000000 148628972.33050787
350438.57319688 6935090.77118226 159.64659206 43.57704809 1.54062767 1.31413485 1.71874971 18.00000000 1.00000000 20.00000000 148628986.26999649
350923.83892202 6935103.30981708 157.53343747 20.73325330 1.99419656 1.80589250 1.09060440 18.00000000 1.00000000 20.00000000 148628995.90598905
351543.24265636 6935432.04496924 159.05634769 86.28829843 1.10491981 1.13855157 1.21311144 18.00000000 1.00000000 20.00000000 148628987.70535576
351903.37722343 6935157.27546741 151.24556988 68.04686086 1.03219790 1.69517169 1.42090376 18.00000000 1.00000000 20.00000000 148628998.20805967
350878.57992179 6935346.46402003 156.44443122 56.16183291 1.10427151 1.26430561 1.58980127 18.00000000 1.00000000 20.00000000 148628998.51139712
350322.95717841 6935409.57758444 155.35462638 72.34833815 1.25052032 1.96329387 1.80630805 18.00000000 1.00000000 20.00000000 148628988.47481200
351566.73792408 6935071.44567602 150.15120061 118.79536864 1.29045433 1.77494480 1.01068983 18.00000000 1.00000000 20.00000000 148628967.24403527
350865.08142055 6935259.58906197 156.84278943 96.34512248 1.42410571 1.05977781 1.75382090 18.00000000 1.00000000 20.00000000 148628989.53306314
350535.03079237 6935493.92380633 155.69297845 124.11064030 1.14376778 1.55597746 1.31762568 18.00000000 1.00000000 20.00000000 148628968.18274835
350557.68502143 6935120.81263520 156.27740589 67.05147443 1.63068850 1.01428736 1.16573545 18.00000000 1.00000000 20.00000000 148628981.37692893
350280.72275677 6935411.24007826 154.20336615 17.76690263 1.11399040 1.14878551 1.29145104 18.00000000 1.00000000 20.00000000 148628966.37177032
350082.15950249 6935151.12935372 159.64549256 11.66021095 1.30843990 1.68164758 1.15900323 18.00000000 1.00000000 20.00000000 148628983.46764740
350461.34884241 6935349.54940905 151.79410457 98.17955668 1.05836156 1.94511185 1.95904718 18.00000000 1.00000000 20.00000000 148628982.27451536
350180.70208501 6935114.38906093 154.38613051 26.69702591 1.70784671 1.97546653 1.03129959 18.00000000 1.00000000 20.00000000 148628974.26394746
351901.09589375 6935322.33430169 157.15424336 25.56475705 1.01042665 1.31618792 1.79765389 18.00000000 1.00000000 20.00000000 148628993.83460826
351168.45056757 6935202.50038992 150.32627759 143.31869814 1.53283918 1.22086194 1.08454356 18.00000000 1.00000000 20.00000000 148628960.61779341
350057.27520717 6935374.55523164 156.83432693 13.58265805 1.47639831 1.89762281 1.23027562 18.00000000 1.00000000 20.00000000 148628996.20430875
350568.28811599 6935478.37000380 157.06499692 135.45482067 1.36510946 1.78913950 1.22307470 18.00000000 1.00000000 20.00000000 148628991.71729678
351905.54281904 6935318.21449660 155.58663680 82.39030189 1.92830264 1.72444221 1.84390275 18.00000000 1.00000000 20.00000000 148628961.04269803
350228.40847384 6935255.32366126 159.59441723 140.33080620 1.62074996 1.33486760 1.23514620 18.00000000 1.00000000 20.00000000 148628980.40736860
351698.26039263 6935315.02570710 154.82259965 39.68033141 1.47699721 1.00055599 1.21434846 18.00000000 1.00000000 20.00000000 148628971.53492796
350260.85152861 6935278.30046873 153.02106647 10.93890187 1.05843314 1.93388140 1.15315246 18.00000000 1.00000000 20.00000000 148628987.72931355
351705.90745171 6935161.78443511 150.73034120 49.33120767 1.46884372 1.14465696 1.02864888 18.00000000 1.00000000 20.00000000 148628981.99395174
350136.56857137 6935231.36113366 155.32759036 63.59103962 1.48429923 1.84380531 1.99586308 18.00000000 1.00000000 20.00000000 148628988.78789973
350909.71053342 6935227.10572301 150.45179211 135.54745261 1.58217538 1.47027971 1.51141033 18.00000000 1.00000000 20.00000000 148628971.50561717
351643.36610093 6935469.59129228 154.81206415 146.14024970 1.53587208 1.76527118 1.11423653 18.00000000 1.00000000 20.00000000 148628977.40025368
351693.14815237 6935195.05536284 157.66660196 73.50747290 1.75225278 1.87710123 1.89600567 18.00000000 1.00000000 20.00000000 148628982.51181656
350720.94896861 6935333.14479235 155.18129936 35.57243328 1.88352500 1.15817266 1.51109346 18.00000000 1.00000000 20.00000000 148628970.81480190
351203.53084831 6935006.79936852 155.86319957 93.70084617 1.03982135 1.17620828 1.48838831 18.00000000 1.00000000 20.00000000 148628983.67829880
351145.16742301 6935446.83751604 156.50027441 141.29985868 1.83635584 1.88628508 1.23302026 18.00000000 1.00000000 20.00000000 148628981.81044942
350588.83744293 6935116.32629859 157.37916210 50.38202774 1.64561271 1.31480103 1.39949479 18.00000000 1.00000000 20.00000000 148628966.43285969
350924.11905361 6935409.04527434 155.64707745 64.32545262 1.03690705 1.30135834 1.65404958 18.00000000 1.00000000 20.00000000 148628987.79042897
351775.76322093 6935394.21295881 151.47287839 57.34660179 1.15857544 1.22037202 1.09953771 18.00000000 1.00000000 20.00000000 148628964.77322781
351715.25972498 6935426.92102063 159.62529395 148.50570680 1.07679742 1.28634614 1.28032101 18.00000000 1.00000000 20.00000000 148628992.91571507
350665.02983405 6935100.35033565 159.35764629 27.95066501 1.12788344 1.59795616 1.45803423 18.00000000 1.00000000 20.00000000 148628967.35184413
350864.65089174 6935218.54745124 152.41451833 114.37009663 1.71005582 1.84923361 1.52550504 18.00000000 1.00000000 20.00000000 148628973.45104983
350897.00082393 6935481.13913938 153.99280233 105.25234752 1.00225358 1.09057484 1.51013402 18.00000000 1.00000000 20.00000000 148628976.95542124
351244.54914034 6935348.81073917 151.24277591 43.12093731 1.00863130 1.17017965 1.79205259 18.00000000 1.00000000 20.00000000 148628993.79354903
350385.20642650 6935336.63238494 159.23288579 49.89543454 1.86731978 1.27011092 1.10807127 18.00000000 1.00000000 20.00000000 148628970.68554926
350520.63982513 6935109.50541066 157.97523833 46.86773823 1.14599199 1.81710663 1.98707283 18.00000000 1.00000000 20.00000000 148628999.08541080
351637.36542337 6935013.04465634 151.40641925 141.50463241 1.61119174 1.41197380 1.95061285 18.00000000 1.00000000 20.00000000 148628961.51588073
350623.31652004 6935175.75527178 154.30842238 51.43940193 1.66875765 1.28074563 1.01020501 18.00000000 1.00000000 20.00000000 148628986.03857520
350634.51802146 6935084.39017464 159.36297925 149.35394130 1.09683119 1.30120203 1.66431922 18.00000000 1.00000000 20.00000000 148628972.56164512
351345.97510603 6935438.57682419 155.46841290 113.33626375 1.87114048 1.00484665 1.51630847 18.00000000 1.00000000 20.00000000 148628985.02977198
351824.45801297 6935127.57826576 150.72566583 30.59829334 1.55201177 1.51511226 1.91509431 18.00000000 1.00000000 20.00000000 148628970.79750085
350341.81948762 6935227.48632219 157.13132182 132.30350217 1.70479968 1.12338926 1.93433081 18.00000000 1.00000000 20.00000000 148628973.00797775
350257.03945033 6935022.88757836 153.57438151 147.29079357 1.31740565 1.20713101 1.87728071 18.00000000 1.00000000 20.00000000 148628987.48187873
351642.40783398 6935264.33436918 154.77930224 43.07603284 1.87394624 1.68218540 1.79624655 18.00000000 1.00000000 20.00000000 148628994.53147539
350896.29509201 6935270.27110618 154.27875001 128.02464007 1.29694259 1.45767443 1.35474031 18.00000000 1.00000000 20.00000000 148628991.54701534
350786.48550592 6935156.32631702 152.38924307 97.92578728 1.17980145 1.62376706 1.74846133 18.00000000 1.00000000 20.00000000 148628976.96047357
351157.58404615 6935420.66745458 151.51444918 91.13370621 1.90526725 1.92630690 1.16953184 18.00000000 1.00000000 20.00000000 148628978.72158644
351683.93159996 6935377.58060496 156.48429816 96.88406730 1.94243682 1.32243915 1.16859197 18.00000000 1.00000000 20.00000000 148628990.51042074
350210.30891448 6935006.38977023 159.80611323 47.43807310 1.27301503 1.59719610 1.62588055 18.00000000 1.00000000 20.00000000 148628993.63262883
351765.02163423 6935198.24159566 159.67844607 116.81602114 1.77900009 1.69134308 1.79917289 18.00000000 1.00000000 20.00000000 148628994.39295089
350684.96734692 6935135.79885216 151.20810469 27.52583671 1.83245256 1.76079168 1.49138214 18.00000000 1.00000000 20.00000000 148628963.05464184
350299.46308493 6935195.51580755 157.70698138 61.78032316 1.44286260 1.68816091 1.94167962 18.00000000 1.00000000 20.00000000 148628970.45981875
351072.80503823 6935158.24442057 152.81746711 108.49841140 1.78495607 1.92578346 1.40148359 18.00000000 1.00000000 20.00000000 148628998.90606463
350651.40796250 6935230.55038783 158.67547895 119.03912319 1.94475296 1.22078882 1.30845136 18.00000000 1.00000000 20.00000000 148628997.09608254
351803.58845912 6935488.18404462 151.68935577 110.88771821 1.45176724 1.84133876 1.63449878 18.00000000 1.00000000 20.00000000 148628978.08033195
350665.84808696 6935003.49745188 154.61221414 145.10995913 1.58793494 1.18986724 1.55799044 18.00000000 1.00000000 20.00000000 148628987.11345333
351370.50278413 6935425.07674029 151.77536993 128.98049328 1.02244649 1.81860465 1.55277900 18.00000000 1.00000000 20.00000000 148628964.28475991
350344.65077483 6935172.78746068 152.48205658 80.61679889 1.64217546 1.63567785 1.21944040 18.00000000 1.00000000 20.00000000 148628984.17752817
351713.07453297 6935066.11301116 156.86532226 50.60078797 1.15250828 1.32655871 1.31398482 18.00000000 1.00000000 20.00000000 148628975.73235044
350631.46366125 6935305.69595672 156.12131647 29.77683845 1.99611214 1.87997086 1.89074480 18.00000000 1.00000000 20.00000000 148628970.50694686
350255.69334104 6935064.94503555 151.89712171 36.95542042 1.77358868 1.35963318 1.87812757 18.00000000 1.00000000 20.00000000 148628980.67473781
351228.84396846 6935442.13362722 152.90669153 116.63565278 1.50349344 1.79444306 1.14971172 18.00000000 1.00000000 20.00000000 148628985.73295191
350321.58150404 6935028.17825386 157.75820054 40.80418232 1.53612451 1.73121255 1.73634041 18.00000000 1.00000000 20.00000000 148628979.31276613
350069.45429796 6935289.64983883 157.88260826 107.95260528 1.36875256 1.52120725 1.35402030 18.00000000 1.00000000 20.00000000 148628977.62137353
350677.62563330 6935163.04445070 156.03551707 87.88614599 1.65581699 1.73290642 1.62367189 18.00000000 1.00000000 20.00000000 148628965.15343440
350221.00222356 6935247.94852588 153.03413826 112.52994363 1.81381639 1.80226740 1.87442194 18.00000000 1.00000000 20.00000000 148628960.12759063
351920.14691002 6935375.00241848 154.98429497 32.27350230 1.04450858 1.83915375 1.25055810 18.00000000 1.00000000 20.00000000 148628993.90947524
350112.07586728 6935008.51317507 154.43178241 97.63439023 1.89513879 1.73434903 1.43078627 18.00000000 1.00000000 20.00000000 148628966.22104162
350302.47977642 6935031.12608360 153.66987379 56.46078549 1.47916004 1.95871478 1.49538195 18.00000000 1.00000000 20.00000000 148628988.93312755
350846.33536759 6935422.60799130 156.93297589 112.54313818 1.61183675 1.17741170 1.05780512 18.00000000 1.00000000 20.00000000 148628997.39415920
350116.09926979 6935363.99721607 156.51541819 92.02009220 1.98472102 1.46944683 1.47818508 18.00000000 1.00000000 20.00000000 148628972.07154906
351112.17992678 6935166.40940511 153.49075443 126.60015661 1.96931909 1.69349063 1.74935448 18.00000000 1.00000000 20.00000000 148628973.02507842
351179.10812713 6935360.07947170 158.27724121 93.29913592 1.04389489 1.51902257 1.59287339 18.00000000 1.00000000 20.00000000 148628971.88063070
350720.82456001 6935341.52325096 155.38672959 95.84212919 1.57853245 1.22545767 1.83656530 18.00000000 1.00000000 20.00000000 148628991.16330966
351278.79936827 6935109.73802775 155.91516178 124.28551008 1.16678024 1.10566632 1.02598611 18.00000000 1.00000000 20.00000000 148628964.37409937
351414.57504500 6935154.47901829 156.23570702 64.04276265 1.54495943 1.27196992 1.00846360 18.00000000 1.00000000 20.00000000 148628999.86721706
350797.26881391 6935347.28626015 152.63768027 137.33650741 1.05724992 1.50315073 1.94737839 18.00000000 1.00000000 20.00000000 148628960.55624807
350588.16457940 6935491.80289219 158.48549391 134.89682282 1.29724198 1.97990379 1.46892153 18.00000000 1.00000000 20.00000000 148628997.06390503
351635.84111662 6935128.70130313 153.42228881 99.48604277 1.19919160 1.52374558 1.42735696 18.00000000 1.00000000 20.00000000 148628971.10593307
350571.22501633 6935410.12300908 153.12619434 144.17399818 1.14878207 1.33440356 1.17192321 18.00000000 1.00000000 20.00000000 148628966.73118287
350072.41368691 6935462.63674775 156.21866340 23.69715323 1.40027606 1.12244972 1.99158246 18.00000000 1.00000000 20.00000000 148628978.67677635
350143.29819561 6935129.73866225 151.92356835 116.27527284 1.82452932 1.76599874 1.18219781 18.00000000 1.00000000 20.00000000 148628980.53063333
351740.47166688 6935285.16607959 152.15662144 136.61645625 1.62536994 1.39760770 1.53063241 18.00000000 1.00000000 20.00000000 148628963.55384204
350285.17781078 6935181.53545791 153.49972390 148.19961495 1.09516773 1.12519896 1.47335852 18.00000000 1.00000000 20.00000000 148628975.70715973
350565.89272948 6935305.13232951 152.88847151 18.04635406 1.45447167 1.99804423 1.56086898 18.00000000 1.00000000 20.00000000 148628998.05220905
350931.20981350 6935116.13671988 155.91279153 133.46815753 1.55069352 1.15243861 1.95323924 18.00000000 1.00000000 20.00000000 148628974.59895965
351096.31320937 6935371.67655916 156.44976274 134.67837804 1.99721204 1.30604989 1.22048708 18.00000000 1.00000000 20.00000000 148628967.99690318
351782.80157064 6935081.31852404 153.31594018 27.82248734 1.35637960 1.08659545 1.91832038 18.00000000 1.00000000 20.00000000 148628980.29470894
351346.69935656 6935082.66916135 153.02019289 97.39134608 1.76267466 1.92833165 1.73144121 18.00000000 1.00000000 20.00000000 148628987.66138157
350278.49915471 6935278.09758034 155.03515382 58.15316208 1.41379258 1.56127130 1.71542844 18.00000000 1.00000000 20.00000000 148628961.35810143
351443.80815940 6935351.51999980 153.17063283 62.83789524 1.08655283 1.74403043 1.24581328 18.00000000 1.00000000 20.00000000 148628973.81762445
350437.56261973 6935397.87138074 159.41636507 55.43771221 1.30493042 1.62270174 1.08539312 18.00000000 1.00000000 20.00000000 148628960.71999905
351927.31449842 6935043.17738926 153.16290770 31.89713016 1.85203302 1.31482467 1.66547310 18.00000000 1.00000000 20.00000000 148628980.83757478
350988.86257912 6935242.14156907 159.12882301 65.27167524 1.42291561 1.51460852 1.31390101 18.00000000 1.00000000 20.00000000 148628981.58703914
351473.28316427 6935220.52161711 158.74766853 81.58955597 1.65881891 1.91482536 1.01925280 18.00000000 1.00000000 20.00000000 148628979.55831704
350979.05178878 6935206.89118492 150.73874992 79.82081243 1.75774594 1.93948481 1.77968949 18.00000000 1.00000000 20.00000000 148628997.74266165
351884.46742621 6935374.29615283 151.98108842 144.37180543 1.41142633 1.01027071 1.92300138 18.00000000 1.00000000 20.00000000 148628984.88455287
351734.84320086 6935124.62289091 156.66921552 79.05965878 1.26757295 1.42615213 1.90539724 18.00000000 1.00000000 20.00000000 148628960.15921336
351246.02637054 6935358.57497023 152.86830878 113.77689031 1.71023266 1.52152535 1.59686481 18.00000000 1.00000000 20.00000000 148628994.75354701
351869.64276607 6935131.50448946 154.39869062 29.51651733 1.37576034 1.60292821 1.09411535 18.00000000 1.00000000 20.00000000 148628962.37974957
350547.68077847 6935231.68279148 154.02060897 71.91550668 1.28682173 1.35789712 1.06076118 18.00000000 1.00000000 20.00000000 148628999.35003459
351209.46197433 6935248.73894346 155.86116595 146.04449086 1.13045386 1.69396110 1.12817931 18.00000000 1.00000000 20.00000000 148628998.72592226
351411.76966372 6935440.27780200 158.84141114 36.61916540 1.89295423 1.56988580 1.57480500 18.00000000 1.00000000 20.00000000 148628965.11963439
351503.20114536 6935474.48993211 159.33562532 26.46460745 1.30034305 1.26206833 1.20711422 18.00000000 1.00000000 20.00000000 148628966.74741748
351883.21413214 6935015.82105388 154.38799058 23.92485103 1.10782330 1.84400211 1.73716426 18.00000000 1.00000000 20.00000000 148628996.49329329
350967.96790974 6935496.92168068 155.20834158 129.77145149 1.97348797 1.16125858 1.85555320 18.00000000 1.00000000 20.00000000 148628964.62211230
350191.93580683 6935395.55016816 158.27148102 102.76938082 1.54011971 1.94089726 1.37281437 18.00000000 1.00000000 20.00000000 148628969.03059116
350254.48121567 6935359.98060386 150.55239100 43.70255375 1.08621401 1.23947125 1.37744371 18.00000000 1.00000000 20.00000000 148628981.29841268
350384.06248042 6935479.76794569 153.34926593 77.83104278 1.93533863 1.40581526 1.40679788 18.00000000 1.00000000 20.00000000 148628963.60591251
351931.94197611 6935474.63017691 155.44477771 46.30131204 1.83004450 1.98454866 1.01402277 18.00000000 1.00000000 20.00000000 148628975.49721834
351190.03214291 6935376.50621247 155.98391069 144.13203719 1.66867583 1.83961836 1.34155611 18.00000000 1.00000000 20.00000000 148628968.86753955
351326.80117364 6935078.04087658 159.63755944 79.70015765 1.64536677 1.31098835 1.19002026 18.00000000 1.00000000 20.00000000 148628978.71744010
351540.96941405 6935230.02785809 151.47188928 30.09843352 1.13926318 1.09694948 1.33395355 18.00000000 1.00000000 20.00000000 148628992.31047323
350409.37527657 6935007.45909123 150.98833681 125.94248607 1.48218231 1.89126335 1.17859583 18.00000000 1.00000000 20.00000000 148628984.44397295
